,expr,index,best_mse_loss,best_scaled_mse_loss
0,abs(i0 - sin(0.182)),0,4.071682724315906e-06,1.2247e-06
1,(i1 * square((i2 + (i0 / (square(i1) + 0.6046))) * i2)),1,72371.1875,0.0117
2,(i2 * (i1 - (i0 * i2))),2,2.359788417816162,0.0008
3,((exp((-square(i0) + 3.2001)) - i1) - (i0 / (-abs(square(i2)) + -0.4778))),3,0.0520297177135944,0.0006
4,(((i1 / (abs(square(i0)) + 0.3775)) + i2) * i0),4,0.0891840085387229,0.0008
5,(i2 / (-abs(i0) + -0.1057)),5,0.0128683261573314,0.0008
6,(i2 - abs(-3.1784)),6,3.881654265569523e-06,4.6092e-07
7,((i0 + i2) / (square(sin(i1 / (square(i1) + 1.8376))) + 0.8781)),7,0.0013067019172012,7.2149e-05
8,log(abs((5.0805 + log(abs((i2 / (-0.5726 / abs(-1.9689)))) + 0.6797))) + 0.6925),8,6.421913712983951e-05,0.0045
9,(((i0 + (i1 * i2)) / (abs(i0) + 2.2088)) * -1.8935),9,0.0428291112184524,0.0021
10,(sin(i2) / (square(exp((-square(i1) + 3.0119))) + 1.2452)),10,0.0017018233193084,0.0103
11,(-4.1199 * exp((-abs(i0) + 3.6274))),11,0.0167438760399818,9.5557e-06
12,((log(1.0955) - sin(i2)) * i0),12,0.0189254414290189,0.0038
13,((i1 + cos(i0 - 0.4449)) * i2),13,0.4049729704856872,0.0053
14,(i0 - (i1 * (sqrt((square(i2) + 0.908)) * log(abs((i2 / (abs(i0) + 0.884))) + 1.0282)))),14,0.2520584166049957,0.0032
15,(0.0244 + i0),15,1.0322857633582316e-05,1.1742e-06
16,((i2 - i2) + i0),16,5.163039077160647e-06,6.2756e-07
17,((i1 + sin(1.3156 / (-abs(i0) + -0.0174))) + log(abs(((i1 + square(i0)) / (abs(cos(i2)) + 1.1791))) + 5.5121)),17,0.0486180037260055,0.0041
18,((2.1338 + i0) + sqrt((abs(i1) + 1.4787))),18,0.0001843617501435,1.9734e-05
19,cos((-0.5701 * i0) - (sqrt((square(i1) + 0.2595)) + -0.0879)),19,0.0013574266340583,0.0027
20,(sin(i0) + i1),20,0.0321169905364513,0.0037
21,((i2 + i1) + square((0.243 * log((square(i0) + 3.1369))) / (log(1.5004) / 0.8141))),21,0.0006086149951443,2.8548e-05
22,square(i2 / -4.0937),22,6.233411841094494e-05,7.7012e-05
23,(i1 - exp(-abs((i2 * log((abs(i0) + 0.8096)))) + -0.0171)),23,0.002435044851154,0.0003
24,((i0 / (square(i2) + 0.0126)) + i1),24,4.53396463394165,0.0075
25,abs(i1 + (-3.555 - i0)),25,4.202251602691831e-06,4.0734e-07
26,((exp((-abs(i1) + 3.9756)) - (cos(-0.2014) - i2)) + i0),26,0.0127020021900534,5.6866e-05
27,square(i0 + abs(i1)),27,0.4174457788467407,0.0006
28,(i0 - (square(i2) * (i1 * -3.0162))),28,21.857681274414062,0.0007
29,(log((square(i0) + 0.1508)) * (i2 - i1)),29,0.1018685698509216,0.0013
30,(((square(i0) * log((abs(i1) + 0.098))) - (1.6004 + -3.4853)) - i0),30,1.0674761533737185,0.0031
31,((i2 / -0.4597) + i1),31,2.43692375079263e-05,5.6426e-07
32,(i2 - sin(cos(log(2.7294) / (abs(i0) + 0.787)) * i1)),32,0.0276333577930927,0.0027
33,((i1 - (i2 * 2.3469)) + abs(-2.2977)),33,1.597834489075467e-05,2.6819e-07
34,cos((-3.0335 - -0.495) / (abs((1.2186 + (cos(i1) - exp(-abs((i2 + (-1.8533 * 0.3712))) + 3.7063)))) + 4.3683)),34,7.052336150081828e-05,0.0243
35,sin(0.7571 - abs(i1 - i0)),35,0.0004219372058287,0.001
36,(((i0 * -0.8302) + (log(1.7615) + -1.3094)) - square(cos(i2) + sqrt(2.5564))),36,0.0136270970106124,0.0011
37,(i0 + -1.5007),37,4.521102709986735e-06,5.064353558736912e-07
38,exp(-abs((i0 / (-abs((i1 + cos(0.1843))) + -0.1142))) + 3.6591),38,0.1374012231826782,0.00092563487123698
39,(exp(-abs((i1 * 0.5349)) + 2.6739) * (abs(sin(-4.576) / (-square(i2) + -0.6072)) / (-square(i0) + -0.0483))),39,0.9738749265670776,0.001315905712544918
40,((cos(i2) + i1) * -0.9846),40,0.0026249662041664,0.00026767243980430067
41,(sqrt(abs((i1 / (square(i2) + 1.4836))) + 0.0372) * i0),41,0.0054444773122668,0.001027013873681426
42,sqrt(square(((cos(1.1691) * i0) + cos(i2))) + 0.1756),42,0.0014808441046625,0.002437157090753317
43,sin(log((abs(i1) + 0.498)) * sin(i2)),43,0.0026021138764917,0.006716717500239611
44,(i1 - abs(i2)),44,2.9817580070812252e-05,2.550153567426605e-06
45,(i1 / (-square(exp(-abs((3.6918 - (i0 - i2))) + 2.2052)) + -0.3555)),45,0.011483758687973,0.0002557775587774813
46,(log(abs((i2 + i0)) + 0.047) * sin(i1 + square(0.3387))),46,0.0138658005744218,0.016414884477853775
47,((i2 + i0) - i1),47,1.3716213288716972e-05,5.403116460911406e-07
48,(i1 * (sin(i0) / square(1.4716))),48,0.0081167099997401,0.00940120592713356
49,sin(sqrt((abs(i1) + 0.4369)) + i2),49,0.0005236575379967,0.0010282419389113784
50,(square(i2) / -1.3215),50,0.0007460401975549,8.34429283713689e-06
51,((i1 - i0) * i2),51,0.1428163051605224,0.0011369914282113314
52,(exp((-square(i2) + -0.2656)) - i1),52,0.0001455741294194,1.6545915059396066e-05
53,abs(i2 - (i0 * sqrt((abs(i1) + 5.2093)))),53,0.0120320981368422,0.0004588521842379123
54,(1.161 + i1),54,3.178419865434989e-05,3.4543882065918297e-06
55,(cos(i0) - i2),55,0.0019592440221458,0.00023235773551277816
56,(abs(i2 - (i1 + sqrt(abs((cos(i2) * -0.9313)) + 1.1339))) + (sqrt(square((i1 * i0)) + 1.4834) + i0)),56,0.2202393561601638,0.0034614645410329103
57,abs((i2 * ((exp((-abs(i2) + 3.0126)) - i1) / -0.0662)) * sqrt((abs(i0) + 0.5984))),57,519.8329467773438,0.01752384379506111
58,((-0.6099 + i2) - exp((-abs(i0) + 1.7435))),58,0.0007763933390378,6.595812737941742e-05
59,(1.0851 + (abs(i1 * -0.8247) - 3.0097)),59,4.1831726775853895e-06,1.890215003186313e-06
60,(-3.0253 / (-abs((i0 + sin(3.0178))) + -0.9818)),60,7.96284293755889e-05,0.00017090166511479765
61,(-1.0692 / (abs(i2) + 1.8728)),61,6.626223239436513e-06,0.0005570087814703584
62,(i2 + abs(i0)),62,1.2430083188519347e-05,9.788219585971092e-07
63,(sqrt((abs(i2) + 0.9078)) - (abs(i1) - exp(-0.6018))),63,4.966737105860375e-05,1.432457247574348e-05
64,square(cos(2.5582) - abs((exp(1.5468) + i2) - i0)),64,0.2165336161851883,8.076621452346444e-05
65,(i1 - i0),65,1.0268517144140787e-05,5.465351478051161e-07
66,(log(1.5641) + i0),66,7.735103281447664e-06,1.0066506774819572e-06
67,square((cos(2.3235) / (square(i0) + 1.5063)) + sqrt(square((sin(-0.9315) / (-abs(abs(i2)) + -0.6779))) + 0.8763)),67,9.344839781988412e-05,0.001011313172057271
68,(square((sin(-1.1238) + cos(i2)) + 2.7559) + i1),68,0.009536306373775,0.0006385420565493405
69,exp(-square((sin((sqrt(0.3067) * log((abs(i0) + 0.6479))) / (abs(i1) + 0.8617)) / (-square(i2) + -0.242))) + 3.1868),69,0.201852411031723,0.020469071343541145
70,(i2 / (abs(i0) + 2.6833)),70,5.9735575632657856e-05,0.00010741331789176911
71,((i2 - -2.1384) - (-1.1121 * 4.3312)),71,3.537820703058969e-06,4.048290520586306e-07
72,((square(i1) - 0.3716) * abs(i0)),72,6.482507705688477,0.0053410823456943035
73,(log(abs((exp((-abs(i1) + 3.7988)) - -1.6359)) + 1.3054) + sin(0.9561)),73,7.842433842597529e-05,0.00010657757229637355
74,(sqrt(square(((sqrt(1.7135) - 3.2391) - i2)) + 2.6519) / (-square(i0) + -0.0181)),74,1.6474801301956177,0.001092920545488596
75,(sqrt((square(i0) + 0.7699)) / (square((abs(i1) * i2)) + 1.5644)),75,0.0021006932947784,0.00415735924616456
76,((i0 - cos(i2)) / (square((i1 * abs(i1))) + 0.2136)),76,0.2721973657608032,0.010239037685096264
77,((i1 * i2) / abs(1.5089)),77,0.0107104498893022,0.00033953218371607363
78,(i2 * sin(i0 + i1)),78,0.0483252145349979,0.00886888150125742
79,(square(i1 / 1.7271) - exp(-square((i0 * i2)) + 3.6517)),79,2.018796443939209,0.01026983093470335
80,(-0.3278 + log(abs((i0 + (2.2388 - abs(4.6859 + sin(-0.7498))))) + 1.0706)),80,4.498427369981073e-05,0.0001525195111753419
81,((i0 + (log((abs(i1) + 1.7692)) - i2)) / (square((sin(-0.197) - exp(-square(((i1 + i0) - i2)) + 3.1066))) + 0.2904)),81,0.0263523664325475,0.00017514757928438485
82,(cos(2.589) - (i1 - i0)),82,5.1219708439020906e-06,3.8331489804477314e-07
83,(1.8314 - (i2 / (abs(i1) + 1.218))),83,0.0004212579224258,0.00027002100250683725
84,(2.7423 - i1),84,2.076417786156526e-06,2.126232061527844e-07
85,((cos(i2) + i1) - abs(i0)),85,0.0527549460530281,0.004071333445608616
86,((abs(2.8785) - -1.5771) * (sqrt((square(i1) + 0.0774)) - i2)),86,0.0024126311764121,8.597929081588518e-06
87,(sqrt(abs(((i1 - 3.8366) + (i2 + -1.5878))) + 3.0844) + i0),87,0.0001485032116761,1.9555411199689843e-05
88,(exp(-0.096) - (-1.4849 + i2)),88,3.729191803358845e-06,3.8504811072925804e-07
89,log(square((-1.5091 + square(i0))) + 0.1373),89,0.0022496380843222,0.0003162077337037772
90,exp(-abs(((i0 + i2) + abs(i1 + i0))) + 0.6936),90,0.0001339771406492,0.0006978570600040257
91,(-1.8252 + (i2 * (log((abs(i0) + 2.1161)) / (-square(i1) + -0.0748)))),91,3.0741257667541504,0.005513384472578764
92,(i0 + 3.9376),92,5.057130692875944e-06,4.870425414083002e-07
93,(i0 - sin(1.2022)),93,1.7772530554793775e-05,2.0089305508008692e-06
94,(-2.1458 * i2),94,2.25256026169518e-05,4.997387463845371e-07
95,square((1.7386 * i0) * -0.1345),95,1.8024860764853656e-05,4.233705476508476e-05
96,(i0 * i2),96,0.0088687501847743,0.0001286521292058751
97,(i0 + (i2 + i1)),97,8.543248441128526e-06,3.080480155404075e-07
98,(log(abs(((abs(i0) / (abs(abs(i1)) + 0.1584)) - i2)) + 0.1503) * -0.2618),98,0.0008163761813193,0.014234374277293682
99,((-1.9135 - square(i2)) + 0.2419),99,0.009208844974637,6.986333755776286e-05
100,((exp(-square((i1 + (abs(1.8408) * -1.0697))) + 3.7792) + square(i2)) - i0),100,0.503904402256012,0.0017114916117861867
101,(i2 / (square((exp(0.7828) + i0)) + 0.8189)),101,0.0007495270110666,0.00040289544267579913
102,(i2 - (sqrt(0.4814) / (abs(sqrt((square(i0) + 2.4219))) + 1.9104))),102,2.0698184016509916e-05,1.9430792690400267e-06
103,(-3.5007 + log(abs((cos(0.618) + sin(i2))) + 0.0508)),103,0.0170288328081369,0.014945474453270435
104,abs(i2 - i1),104,1.5539326341240669e-06,2.7897499421669636e-07
105,sqrt(square((sqrt((square(i2) + 0.4929)) - (i1 / (abs(square(i0)) + 0.2591)))) + 0.6195),105,0.0595983043313026,0.004077971447259188
106,(-2.2 + square(i0 - i1)),106,0.0186431966722011,2.8895879950141534e-05
107,(i0 - i1),107,1.3740018403041176e-05,7.773506922603701e-07
108,(log(abs((i2 * sqrt(0.0673))) + 1.0473) + (i0 * -2.0116)),108,0.0003289463929831,1.0129858310392592e-05
109,abs(i1 + i0),109,1.7689202422843664e-06,2.8940735319338273e-07
110,(i1 + -1.4043),110,1.3278160622576252e-05,1.4987718941483763e-06
111,(-0.6166 - i0),111,3.944496711483225e-06,4.40820173253087e-07
112,((-4.3649 / (-square(i1) + -0.153)) - i1),112,0.0073970314115285,0.00014248814841266721
113,(cos(i2) / (abs(exp(-abs(((square(i0 + -0.9435) + i1) / (abs(i0) + 0.3214))) + 1.517)) + 1.3502)),113,0.0023347523529082,0.01472287904471159
114,sin((sin(0.7379) * (0.3425 + i2)) / (square((i1 + i0)) + 0.7033)),114,0.0004829974786844,0.002893560566008091
115,(i2 - i0),115,8.684475687914528e-06,5.828208600178186e-07
116,((exp((-abs(i1) + 3.5711)) * 0.0578) / (-abs(i0) + -0.4975)),116,0.0002224258932983,0.0009104225900955498
117,(2.0788 * i0),117,4.624645043804776e-06,1.1733006033409765e-07
118,log(abs((((-0.9138 - i0) / (square(sqrt((square(i2) + 0.5645))) + 0.6662)) * i1)) + 0.5657),118,0.0016082191141322,0.002512727864086628
119,abs(cos(-0.6738) / (abs(i2) + 2.0068)),119,1.0891848205574206e-06,0.00016417911683674902
120,log(abs((abs(0.4758 + (i2 / (square(abs(i2)) + 0.2348))) - i0)) + 0.5051),120,0.00229153316468,0.004426557570695877
121,(log(square((i0 - -0.0936)) + 1.8272) + (log((square(i1) + 1.3245)) + sin(i2))),121,0.0127876382321119,0.00425159465521574
122,((cos(i0) - sin(2.5066)) + i2),122,0.0035720707383006,0.00041770495590753853
123,sqrt(abs((i2 * log((abs(i0) + 0.6924)))) + 0.2702),123,0.0057619344443082,0.012243811041116714
124,(i0 / (-abs(i1) + -0.4092)),124,0.0045042587444186,0.0007219189428724349
125,(sqrt((abs(i2) + 1.3749)) / (abs(i0) + 0.464)),125,0.0002676931326277,0.0003723265544977039
126,(i2 - square(cos((i2 * sqrt((abs(i0) + 1.8042))) + sqrt((square(i0) + 0.6518))) - square(i1))),126,2034.92626953125,0.007975080981850624
127,sqrt(abs((i1 + exp((-square(i2) + 3.8834)))) + 0.3116),127,0.0020609972998499,0.0005182471941225231
128,(i1 + -0.4022),128,2.7616199531621533e-06,3.5636870165944856e-07
129,exp(-square((i0 - square(i2 / (square(abs(i1)) + 0.0945)))) + 2.5588),129,0.2337182760238647,0.014256911352276802
130,((abs(i2) * i1) - i2),130,0.0239954870194196,0.00030468139448203146
131,(i2 - log(square((i1 * 0.8857)) + 1.9232)),131,0.0007142499671317,7.584767445223406e-05
132,(cos(i1) / (square(square(log(abs((log((abs(i2) + 0.8706)) / (abs(i0) + 2.1657))) + 0.7717) * i1)) + 0.1873)),132,0.1290793716907501,0.012045037001371384
133,abs(abs(sin(i1) + square(i2)) - i0),133,0.465983897447586,0.0025931382551789284
134,abs(sqrt(abs(((i2 - square(i1)) * i0)) + 1.2934) - i0),134,0.0761571824550628,0.004970381502062082
135,(i1 * sin(-0.592 / -0.4671)),135,2.665793999767629e-06,3.269669832661748e-07
136,exp(-abs(((i0 / 0.1692) * ((-1.9114 / (-square(i2) + -0.5007)) * i1))) + 3.6388),136,1.6689927577972412,0.017872029915452003
137,(i2 + ((abs(i2) + square(abs(i0) / (abs(i0) + 1.595))) - square(i1))),137,0.0202982313930988,0.00010707738692872226
138,(3.4903 * (exp((-abs(i1) + 3.8731)) / (square(i2) + 2.6859))),138,0.0239725075662136,0.000210946673178114
139,((i0 / (abs(i1) + 0.503)) - (i0 + abs(i2))),139,0.0158221740275621,0.0024483129382133484
140,(sin(i2) + sqrt((square(i1) + 1.1892))),140,0.0120129343122243,0.003486847272142768
141,(i0 - i2),141,0.0001236531970789,7.08400375515339e-06
142,((i1 - i2) + (i2 / (-abs(i0) + -0.1547))),142,0.0465645194053649,0.0010170995956286788
143,(((i1 + i0) + i2) * 0.9333),143,6.20553919361555e-06,2.425344973744359e-07
144,(sin(i1) + 0.1725),144,8.040011016419157e-05,0.00017141742864623666
145,(i1 * i2),145,0.0129439523443579,0.000183842537808232
146,((i1 / -0.2605) + (-2.4945 * -0.4943)),146,7.962421659613028e-05,6.114476036600536e-07
147,(0.2136 / (-square(i1) + -0.1676)),147,6.705586201860569e-06,8.17142499727197e-05
148,((i0 - square(i2 * -0.1988)) + (0.4056 - i1)),148,9.005126776173711e-05,5.312183020578232e-06
149,(abs(-0.6234) * square(exp((-abs(i1) + 2.9841)) + i0)),149,1.2488020658493042,0.00040509807877242565
150,cos(-0.6402 / (abs(square(i2)) + 3.0032)),150,4.647419586945034e-07,0.008087377063930035
151,(square(i0 + 1.7594) * exp(-square((i2 + i1)) + 3.4466)),151,151.72308349609375,0.0021512159146368504
152,sin(i2 * (sin(i0 * -0.009) / (-square(i0) + -0.7707))),152,2.829682443916681e-07,0.0026322281919419765
153,((i1 + i1) - i0),153,3.028623905265704e-05,6.742646974089439e-07
154,abs(square(i2) - i0),154,0.0136643219739198,8.7581473053433e-05
155,log(square(((-3.6697 + (i2 + i1)) + 1.4323)) + 0.0724),155,0.0035672010853886,0.0009519930463284254
156,((log(1.9215) + -0.8629) + (i0 + (sqrt((square(i1) + 2.9912)) * 3.9128))),156,0.0011845309054479,2.176703310396988e-05
157,((i1 / (-abs(exp((-square(i2) + 3.4387))) + -1.3146)) * (i1 - i0)),157,0.2631151080131531,0.0027864447329193354
158,(((sqrt((abs(i1) + 1.0896)) - cos(0.8451)) - log((abs(i2) + 0.2774))) + square(i0 / (abs(i0) + 0.8725))),158,0.0007275396492332,0.0008560602436773479
159,(sqrt((square(i0) + 0.1324)) / (-abs(log((abs(i1) + 3.3232))) + -0.9952)),159,4.338248982094228e-05,9.305588173447177e-05
160,(log(square((i1 + i0)) + 0.6289) + i2),160,0.0004187192243989,3.570325134205632e-05
161,((exp(-square((i2 * -1.6117)) + 2.8911) + sqrt((abs(i2) + 0.0285))) * abs(i0 / (-abs((i1 * 0.0307)) + -0.2966))),161,5.120285511016846,0.0017899738159030676
162,(sin(-0.6085) + (i2 * i1)),162,0.0291739031672477,0.00038622244028374553
163,sin(i0 - (-1.2355 / (-square((-1.592 - (i1 * abs(i2)))) + -2.6543))),163,0.0033061341382563,0.006370413117110729
164,sqrt(abs((i0 + i2)) + 0.6193),164,0.0001948301505763,0.00044232673826627433
165,(i1 + i2),165,7.906565770099405e-06,4.1936868910852354e-07
166,((i2 - sqrt((square(i1) + 0.8307))) - i0),166,0.000303295062622,1.4199514225765597e-05
167,((0.9784 - log(square((i1 + (cos(i2) - square(-1.5846)))) + 1.8335)) + square(i0)),167,0.155967429280281,0.0010229273466393352
168,square(abs(i1 * i2) + (i2 * log(square((exp((-square(i1) + 3.9444)) - (0.3001 + sin(i0)))) + 1.1884))),168,1645.083740234375,0.008463646285235882
169,(log((abs(i2) + 0.7571)) - i2),169,8.3797043771483e-05,9.744711860548705e-06
170,(i0 - (-0.2468 * (i1 * i1))),170,0.0022121455986052,0.00011912812624359503
171,(i2 - 0.4717),171,8.35982064018026e-06,1.0111510846400051e-06
172,(cos(-0.3057) + i0),172,8.434566552750766e-06,8.739250461076153e-07
173,(i1 + sqrt(0.0314)),173,1.7141106582130305e-05,2.0082832179468824e-06
174,((i1 / (-square(i2) + -2.5822)) * sqrt(abs((abs(i2) - (log((square(i0) + 0.5559)) / (abs(i1) + 2.5704)))) + 5.4559)),174,0.0008805942488834,0.0004273818340152502
175,(log(abs(((cos(i2) / (-abs(i0) + -3.5678)) - sqrt((square(i1) + 0.382)))) + 0.1125) - cos(-1.6996)),175,0.0005998163833282,0.0012696714838966727
176,(i1 - i2),176,2.429589039820712e-05,1.571537382005772e-06
177,(i1 + cos(i2)),177,0.0051091639325022,0.0004606056900229305
178,(i1 / (abs(i2) + 3.0937)),178,3.529850800987333e-05,9.16233184398152e-05
179,(sqrt(abs((i2 - -3.6404)) + 3.0414) + (log(0.5429) * exp(0.8231))),179,1.0192203262704425e-05,4.4986267312197015e-05
180,log(abs(((i2 / (-abs(i0) + -0.2727)) / (square(sqrt(square((log(1.2489) / (-abs(log((square(i1) + 2.3429))) + -0.1883))) + 1.4784)) + 0.935))) + 0.3077),180,0.0004022705252282,0.0009219955536536872
181,abs(abs(i2) * (square(i0) / (abs(i1) + 4.2196))),181,0.1118029206991195,0.005234749522060156
182,abs(i0 * i1),182,0.071025013923645,0.0011713675921782851
183,sin((-0.2521 - i1) / (-abs((-2.2027 - exp((-abs(i2) + 3.4169)))) + -0.9989)),183,0.0001015214947983,0.0005037583759985864
184,(i2 + sqrt(square((i2 - log(square((square(i0) / -0.6168)) + 0.6227))) + 1.066)),184,0.0023245746269822,0.0003226260014344007
185,square((i1 / (square((i0 - i2)) + 2.3961)) - log((abs(i2) + 0.5918))),185,0.0203058142215013,0.0060765305534005165
186,(cos(i0) + log(1.149)),186,0.000424815894803,0.0008452852489426732
187,((log(abs((i0 * (0.0519 * i0))) + 0.6185) - i1) - (cos(1.289 * sin(0.3316)) + (sqrt(2.3674) * i0))),187,0.0003768274618778,1.320889077760512e-05
188,(((i0 + (-1.9272 + i2)) - i2) * (log(1.7387) * i1)),188,0.0067294556647539,0.00024300986842717975
189,abs(sqrt(abs((i1 - i0)) + 0.5894) * (log(abs((i2 * square(0.8799 / (square(i2) + 0.4978)))) + 0.2438) * 1.7755)),189,0.0120265455916523,0.0029604861047118902
190,square(i0 + (abs(i2) - exp(-square((i1 * i1)) + 2.2627))),190,2.968921899795532,0.002043504035100341
191,(i0 / (-abs((i2 / (-square(i1) + -0.6412))) + -1.3789)),191,0.001374167157337,0.0005764957750216126
192,((i0 + -1.225) + ((1.9004 * (i2 / (-square(i2) + -0.1058))) + i1)),192,0.0033986326307058,0.00018521532183513045
193,sin(i0 - i2),193,0.0007460567867383,0.0013942936202511191
194,(exp(-abs((i2 / (-abs(i2) + -0.0225))) + 3.1407) - (-2.8737 + exp((-abs(i0) + 3.5573)))),194,0.1553913801908493,0.0021835132502019405
195,abs((-0.2535 * square(i0)) / (square(i1) + 0.7765)),195,0.0038187361788004,0.0007934275781735778
196,(0.825 * i2),196,5.460953616420738e-06,8.544927254661161e-07
197,((i2 - i1) * -2.5774),197,0.0001105536357499,9.942031056198175e-07
198,(i1 + (i2 - (i1 * cos(i0)))),198,0.1265265643596649,0.005591267254203558
199,abs(i1 - (i2 * i2)),199,0.0133171007037162,0.00010111359733855352
200,(i2 * exp((-square(i1) + 3.9228))),200,4.27000904083252,0.000956395291723311
201,exp(-square((i1 - i2)) + 3.7642),201,0.0107626719400286,6.380619743140414e-05
202,(-1.3506 * square(cos(i2) + i1)),202,1.6258094310760498,0.00539194094017148
203,square(log(2.0982) - abs(i0 * 4.3226)),203,1.1480456590652466,2.6365865778643638e-05
204,((abs(i2) * (i1 / -2.5327)) * (i0 + -4.6082)),204,1.654247760772705,0.0047942399978637695
205,((2.1702 * exp(-square((i0 + i1)) + 3.5498)) / -0.9736),205,0.0421052277088165,8.615095430286601e-05
206,(sqrt((square(i1) + 0.2648)) - (-3.29 + i2)),206,0.0002022377593675,1.8030257706413977e-05
207,(sqrt((square(i0) + 1.2015)) * i2),207,0.0204915255308151,0.00024397017841693014
208,((i2 / (-abs(i0) + -2.5897)) + (abs(0.1333 * i1) - i0)),208,0.0004378565936349,5.428232907433994e-05
209,(sqrt(square(((i1 - square(i2)) / (-square((5.5493 - sqrt((square(i2) + 1.7048)))) + -0.9648))) + 0.1728) + i1),209,0.0168140828609466,0.00032407548860646784
210,(log(abs((i2 / (square((i0 + abs(i2))) + 0.5294))) + 1.9414) + (i1 * i0)),210,0.7220106720924377,0.007316902745515108
211,sin(-1.5083 * abs(log((abs(i2) + 2.3459)) * (2.8306 / (-square(square(cos(2.5103) - i0)) + -1.6078)))),211,0.0003711184253916,0.0015914634568616748
212,((abs(-1.4416) - (i1 / (-square(i0) + -3.1384))) + 1.5749),212,0.0002637155703268,0.0008232466061599553
213,((i2 * (cos(i2 / (abs(sqrt((square(i0) + 0.7253))) + 0.5443)) - abs(-1.1778 * i0))) / (square((log((square(i1) + 0.6443)) - -3.0114)) + 0.4906)),213,0.001933688414283,0.003080079797655344
214,((i0 * i1) / (abs(cos(i1)) + 1.5267)),214,0.2633470892906189,0.014202205464243889
215,(i2 - sqrt((abs(i0) + 0.5548))),215,0.000579186133109,5.582072844845243e-05
216,((2.2818 + (i2 / 1.0846)) - (exp(1.8246) - i0)),216,3.1334352570411284e-06,2.011346680319548e-07
217,(i1 * square(i0)),217,1.8815172910690308,0.0009849807247519493
218,(exp(-abs((-3.0469 + i2)) + 3.6346) - ((i1 * i0) * -0.041)),218,0.0129112023860216,0.00014843596727587283
219,(i0 / 0.2776),219,2.0455370304262037e-06,2.052282077613654e-08
220,(exp(-square((i1 - (-0.953 + abs(2.949)))) + 1.9532) * i2),220,0.0294443983584642,0.0005339628551155329
221,exp(-square(((i2 / -2.2919) - square(i0))) + 3.7541),221,0.1383194923400879,0.0009698321227915585
222,(-0.1151 - i2),222,2.044514531007735e-07,2.2670374022482065e-08
223,((i0 * i2) * -0.2562),223,0.0015294319018721,0.00034176252665929496
224,exp(-square(((sqrt(abs((i0 / -0.8058)) + 5.5136) + square(-1.5586)) + i0)) + 2.8281),224,0.0003419154672883,6.748049781890586e-05
225,((-0.6645 + (i2 - -1.3695)) - abs(i1)),225,2.2315136448014528e-05,1.9333938325871713e-06
226,(i2 / (square((i0 - abs((i1 + i1) - exp((-square(i2) + 3.4096))))) + 1.3232)),226,0.0089126201346516,0.013938797637820244
227,(-1.6507 - (0.8626 * i2)),227,9.15238524612505e-06,1.1312254173390102e-06
228,((exp(1.5383) / 0.8773) * (2.3769 - i0)),228,0.0001138372317655,4.3919351355725667e-07
229,(square(i2) + -0.0732),229,0.0016948084812611,1.2562702067953069e-05
230,((abs(i1) + square(2.9217)) * exp(-abs((i2 - i0)) + 3.1824)),230,0.6583171486854553,0.00011076748342020437
231,(abs(i2) * i0),231,0.0219890139997005,0.00025605002883821726
232,(log(square(((i0 / (-square(i1) + -1.2539)) / (-abs(i2) + -2.5224))) + 1.6308) - (i1 - -0.0551)),232,0.0002680198231246,2.706103987293318e-05
233,(i0 + (i2 * (log((square(i1) + 0.2361)) * i0))),233,3.708138942718506,0.017395488917827606
234,log(abs(((-1.8943 - sqrt(abs((exp((-abs(i0) + 1.5354)) * i1)) + 0.8574)) * -0.325)) + 0.1097),234,1.906193210743368e-05,0.0005820690421387553
235,(abs(i1) / (-square(i0) + -0.2969)),235,0.0054630255326628,0.00047373308916576207
236,(i2 + i0),236,3.591894346754998e-05,2.0801589926122688e-06
237,(sqrt(square(((2.6615 + i1) / -0.0235)) + 1.7158) - (sin(0.9495) + i0)),237,0.0045198025181889,4.0957573332889297e-07
238,(i0 + cos(-2.9288)),238,1.3634444258059377e-05,1.6977227232928271e-06
239,(i1 / (abs((i0 * exp((-square(i2) + 3.8343)))) + 0.0364)),239,5.086204528808594,0.001943417708389461
240,(sin(i0) - i2),240,0.0026243987958878,0.0003079964953940362
241,(i2 * cos(-0.795 + (0.5191 + log(1.5151)))),241,4.225459178996971e-06,5.695117692994245e-07
242,((abs(-3.4471) - exp((-abs(i0) + 3.0156))) - ((exp((-square(i1) + 3.9996)) - (i0 + i1)) + i2)),242,0.0312379356473684,8.580157009419054e-05
243,(i2 * log(square((i0 + (3.7471 * i1))) + 0.0726)),243,0.4190962612628937,0.0033533982932567596
244,(i1 * cos(i0)),244,0.0525788478553295,0.011150152422487736
245,(i1 - sin(square(i2) / (-square(i0) + -0.3553))),245,0.1123068183660507,0.012450695969164371
246,cos(exp(log(0.734) / sqrt(0.7323)) - sqrt(abs((i2 * (i1 / (abs(i1) + 0.2814)))) + 0.2464)),246,5.529005647986196e-05,0.0004538427747320384
247,(i1 - i0),247,5.256346412352286e-06,3.2435082175652497e-07
248,(sqrt(abs((i1 / -0.8817)) + 0.4825) - i0),248,0.0001919004134833,1.980089655262418e-05
249,((i0 / (abs(square(i2)) + 0.0733)) * i2),249,0.0039401622489094,0.0007884257938712835
250,((i1 + i0) - i1),250,2.5074041332118213e-06,2.7691751824932e-07
251,(exp(2.8935) / (-abs(sin(i0)) + -2.7557)),251,0.0042701000347733,0.017069833353161812
252,cos((3.4667 * 1.067) / (abs(i2) + 0.7471)),252,4.657296449295245e-05,0.00012756841897498816
253,(i1 / (-square(i2) + -0.1712)),253,0.0136589910835027,0.0005212565301917493
254,exp(-square(((sqrt(0.0152) * i0) * i1)) + 3.9491),254,1.2978910207748413,0.0037659781519323587
255,((sqrt((abs(i1) + 6.3479)) - square(-0.6025)) + (2.9366 + i0)),255,8.547953621018678e-05,9.462478374189232e-06
256,abs(2.0248 + exp(-square(((i0 + i2) * 0.8005)) + 3.5613)),256,0.0068225502036511,5.37273044756148e-05
257,(sin(i2 * 1.2054) * exp(-abs((log((square(i0) + 0.6938)) * ((square(-0.8811) + -1.321) / (-square(i1) + -1.8945)))) + 1.4652)),257,0.0888666212558746,0.012828301638364792
258,(i2 / 0.5833),258,1.301125121244695e-05,5.023194944442366e-07
259,(log(abs((sin(-0.9518) + log((square(i0) + 0.8732)))) + 5.5524) * (-1.021 - i2)),259,0.0014373342273756,4.794774577021599e-05
260,(((i0 * 0.9941) + i1) / (-square(i2) + -0.6326)),260,0.0018882709555327,0.00024824676802381873
261,((cos(i2) / (abs((0.0673 + square(i0))) + 0.3225)) + (i1 - i2)),261,0.0105503564700484,0.0005569299682974815
262,((exp((-square(i2) + 3.3322)) - i1) + (i0 - square(i0))),262,0.2624947428703308,0.0011980771087110043
263,((-0.0629 + abs(cos(0.5264) / (-square((-1.5928 - i0)) + -1.0553))) * abs(-1.719)),263,3.3441938285250217e-06,2.058730024145916e-05
264,(exp((-abs(i0) + 2.0544)) + (sin(i0) / (-abs(abs(sin(i2) / (-square((exp((-abs(i1) + 2.7933)) * i2)) + -0.2368))) + -0.3017))),264,0.1586549282073974,0.020304521545767784
265,((3.3313 - i2) + i1),265,1.487050212745089e-05,7.124324383767089e-07
266,(((i2 * i0) + i1) * square(abs(i1) / (-square(i0) + -0.7545))),266,30.16595268249512,0.02369024232029915
267,(i1 / (-square((i0 - i2)) + -2.6416)),267,0.0002683250640984,0.0006960697937756777
268,((i1 + -5.6553) * i0),268,0.0887437686324119,0.00022690428886562586
269,(i2 * square(i0)),269,54.57257080078125,0.010097010061144829
270,log(abs((i1 / 3.0991)) + 1.615),270,2.3085935026756488e-05,0.00043437222484499216
271,(4.2752 + exp(-abs((i1 / (-abs(i0) + -0.1333))) + 3.1192)),271,0.0455532781779766,0.0008271768456324935
272,cos((i1 / -0.7713) - (sqrt(1.0618) + i2)),272,0.004597695544362,0.009214268997311592
273,sqrt(square((((i1 + i0) - i2) / -1.07)) + 0.5975),273,4.596090002451092e-05,6.837694400019245e-06
274,(square(log((square(i2) + 2.9325)) - 2.963) / (-square(i0) + -3.0583)),274,4.479370545595884e-05,0.000573397264815867
275,sqrt(square((i1 * i0)) + 0.766),275,0.132077157497406,0.003154095495119691
276,(i1 + i2),276,7.102108611434232e-06,3.9845212995714974e-07
277,(i2 + -0.0323),277,1.998866537178401e-05,2.580889258751995e-06
278,sin(sin(i2 - (sqrt((square(i2) + 1.6085)) / (square(i0) + 0.7621))) + exp(-3.051)),278,0.0075749619863927,0.021133389323949814
279,(sin(exp((-square(i1) + 3.0624)) * i0) - ((i2 - i0) * (i2 / (-square(log((abs(i1) + 1.0308))) + -0.2838)))),279,2.2907814979553223,0.0037217240314930677
280,((i1 * i2) + i0),280,0.057959746569395,0.0006472606328316033
281,(sqrt(square((i0 * i2)) + 1.0419) * (sqrt(0.1997) * exp(-square((-1.5426 + i1)) + 3.5108))),281,14.597003936767578,0.00920573528856039
282,((i0 - sqrt((abs(i1) + 1.151))) / abs(0.3235)),282,0.0026817780453711,3.220137659809552e-05
283,(i1 - i0),283,8.390827133553103e-06,5.261398428046959e-07
284,((2.376 * 2.5116) * i0),284,0.0001288659550482,3.634050074197148e-07
285,sqrt(abs((1.3595 - ((i1 - i0) * -1.5416))) + 0.3519),285,6.97082286933437e-05,9.841722203418612e-05
286,((2.03 - sin(i0)) / abs(-1.1856)),286,0.0017107117455452,0.00512193888425827
287,sin(sin(i0) - i2),287,0.0095236133784055,0.01828988827764988
288,((log((abs(i2) + 0.7901)) + i0) - i1),288,0.0018386201700195,9.172769205179065e-05
289,(sqrt(abs((i2 * -0.8786)) + 0.9597) / (-abs(sqrt((square(i0) + 1.1067))) + -1.1231)),289,1.3133744687365834e-05,0.0002830228768289089
290,cos(i1 - abs(i0)),290,0.0044601522386074,0.009163863025605679
291,((i0 - i2) - ((0.9526 - i0) + i1)),291,6.424973435059656e-06,1.1021414536571683e-07
292,(i1 * abs((square(i0) / (abs((0.5112 + i0)) + 2.7046)) / (abs(i2) + 1.9577))),292,0.0049686580896377,0.0020651293452829123
293,((1.5122 + i1) * (square(i2) * -0.5182)),293,0.2958062887191772,0.000396811607060954
294,abs((sqrt(0.9219 * 2.684) + log((abs(i2) + 1.815))) / (-abs((i1 / (abs(i0) + 1.1039))) + -1.0893)),294,0.0004578428925015,0.0014596151886507869
295,abs(sqrt(0.586) + (i2 * (0.5466 * (i0 / 0.2382)))),295,0.8085726499557495,0.002585180103778839
296,sqrt(abs(((0.1303 * cos(1.7358)) + (sin(square(-0.1899) / (abs(i0) + 1.4724)) + i1))) + 2.1466),296,1.170100222225301e-05,7.48353122617118e-05
297,(i2 + (i0 + square(i1))),297,0.0082010449841618,6.200500502018258e-05
298,((log((abs(i2) + 0.3798)) - (sqrt((abs(i1) + 0.0326)) + 0.1548)) * i0),298,0.0915682613849639,0.0070341420359909534
299,(1.9093 * i0),299,4.062226798851043e-05,1.073155317499186e-06
300,(i0 - i1),300,1.4339657354867086e-05,7.919543349999003e-07
301,cos((i0 + i2) - (square(0.6865) - i1)),301,0.0051722950302064,0.010695502161979675
302,((i1 - (0.4977 + square(2.7002))) + sqrt(square((i0 * (i0 - (square(log((abs(i2) + 0.104)) * sqrt(0.7386)) - 1.7053)))) + 1.1068)),302,1.3469809293746948,0.008210849016904831
303,(((sqrt((abs(i2) + 0.7773)) / (-abs(i0) + -1.8717)) * exp(-square((0.51 - i1)) + 3.6139)) * i1),303,0.0362880416214466,0.0010581966489553452
304,(square(0.9452) - i2),304,4.660995728045236e-06,5.509360221367388e-07
305,((exp(-abs((log(1.5379) / (-abs(abs(i2)) + -0.5704))) + 3.653) - i0) + i1),305,0.1088299825787544,0.0030496022664010525
306,sqrt(square((log((abs(i2) + 1.413)) - (sin(0.9955) - 0.2175))) + 0.6402),306,3.1453346309717745e-05,0.00047702703159302473
307,(i2 / (square((exp((-abs(i1) + 1.5261)) - exp((-abs(i0) + -1.3083)))) + 0.3203)),307,0.0773601830005645,0.002018254715949297
308,((-2.2574 - 1.7865) - i0),308,9.580002370057628e-06,1.3415861985777155e-06
309,(i0 / (abs(i2) + 0.0982)),309,0.044257067143917,0.0018443207954987884
310,(i0 - (i2 * i1)),310,0.0762502923607826,0.0007039363845251501
311,(i2 - exp((-square(i0) + 3.6589))),311,0.0367058664560318,0.00017315939476247877
312,(1.2652 * (0.0639 - exp((-abs(i0) + 3.0462)))),312,0.000486159697175,9.950139428838156e-06
313,(((i0 / (abs(i1) + 0.7119)) - -1.3332) * square(i2)),313,4.837175369262695,0.006108226254582405
314,(i0 + (abs(0.4967) * exp(-1.3102))),314,3.4446347854100168e-06,3.2618262935102393e-07
315,(i2 + log((abs(i1) + 0.5542))),315,0.0004536010092124,4.944253669236787e-05
316,(1.9693 + sin(1.9946 - i2)),316,0.000618839461822,0.0012850938364863396
317,(-0.0808 * i1),317,1.726836273974186e-07,3.0989813240012154e-06
318,((i0 - ((cos(0.1838) + sin(i2)) + square(i0))) / (-abs(sqrt((square(i1) + 0.3884))) + -1.7956)),318,0.0282074809074401,0.0016490245470777154
319,((log((abs(i1) + 1.0917)) + i2) + (square(i0) / -3.2524)),319,0.0058147707022726,0.00022806591005064547
320,(cos(i1 * abs(-0.2721)) / 1.484),320,5.861552381247748e-06,0.0001330350642092526
321,(-0.9064 + (i1 / (-abs(i2) + -0.1817))),321,0.0396418794989585,0.0032909882720559835
322,((i0 / (-square(i1) + -3.2224)) + abs(i2 - i1)),322,0.0026077912189066,0.00037276194780133665
323,(-1.1286 * i2),323,2.6528732632868923e-06,2.788289066302241e-07
324,(i1 - i0),324,1.078639252227731e-05,6.004109991408768e-07
325,((-2.65 / -4.6207) / (abs((1.6733 * i0)) + 2.1602)),325,4.726608494820539e-06,0.001284972415305674
326,((cos(i2) - (i1 - exp(-1.7928))) + (i2 + exp(-abs((-2.1705 + i0)) + 1.2609))),326,0.0073561621829867,0.0003939915623050183
327,(i0 / (-abs((i1 + i2)) + -0.4913)),327,0.0029829575214535,0.0013223054120317101
328,((i0 + abs(-0.1001)) * (i2 * (-0.5147 / -2.003))),328,0.0020532524213194,0.00039852989721111953
329,cos((i2 + i0) / (-square((((-0.1522 / -0.0722) - i1) * -0.1763)) + -1.1446)),329,0.0034602633677423,0.006946057081222534
330,(i2 * cos(i1 / (abs(sqrt((square(i0) + 3.4196))) + 1.2108))),330,0.0055831847712397,0.0008683281484991312
331,(sin(-2.1064 + i2) + i1),331,0.0005616461276076,6.0173253586981446e-05
332,((i1 - 0.4752) * i2),332,0.0143695212900638,0.00019781754235737026
333,(sqrt(abs((i1 + i0)) + 1.0059) * i2),333,0.0062435874715447,0.0001736520353006199
334,((i0 * abs(i2 - i1)) - ((log((abs(i1) + 1.8855)) / (square(i2) + 2.6254)) / 0.7317)),334,0.1071590259671211,0.0008521559066139162
335,exp(-abs((1.0436 - abs(i1))) + 3.0254),335,0.0055994521826505,0.00016203602717723697
336,(log(square((abs(i0 * -2.0996) / -4.1466)) + 1.2064) - ((i1 + abs(1.5129)) + cos(i2))),336,0.0030916950199753,0.00028885743813589215
337,((i0 - i2) * sin(i2)),337,0.0583026558160781,0.006815810687839985
338,(i0 * sin(0.6654)),338,1.7177985682792496e-06,5.217551120040298e-07
339,(square(i1 * 2.6874) - (log((square(i2) + 1.8587)) - i0)),339,1.1253949403762815,0.00012093027908122167
340,(i0 * i1),340,0.0269152410328388,0.0004151927132625133
341,(sin(0.0256) + i2),341,8.693557902006432e-06,8.557821615795547e-07
342,(i2 / (abs(i0) + 1.2598)),342,0.0002732812426984,0.00022230260947253555
343,sqrt(square((i0 + (-1.2655 - i2))) + 1.6574),343,7.421601912938058e-05,1.117066312872339e-05
344,((i2 - log(square((i1 + -0.1335)) + 0.8171)) * (sin(2.043) / (-square(sqrt((square(i0) + 0.0322))) + -0.1046))),344,0.1076779961585998,0.0019553739111870527
345,log(square((2.4425 * ((sin(0.7695) / (square(sqrt((abs(i1) + 0.1262))) + 0.2657)) - sqrt((abs(i0) + 2.0204))))) + 0.3199),345,0.0018229496199637,0.0028348974883556366
346,(log(1.2582) - sqrt((square(i1) + 1.1749))),346,9.704549484013114e-06,4.0898848965298384e-06
347,(exp((-abs(i1) + 3.3186)) * ((i0 + square(i0)) * (i2 + i2))),347,4846.13671875,0.015515299513936043
348,(i0 * i2),348,0.0454027131199836,0.0005534946685656905
349,(-1.1134 - i2),349,3.627416617746349e-06,3.9193244560919993e-07
350,(exp(-square((i0 + -0.7165)) + 3.9137) / 0.5737),350,0.1262221932411193,0.00012240120850037783
351,log(abs((-1.1447 / (square(i0) + 1.0513))) + 1.7441),351,5.917466296523344e-06,0.0002650332753546536
352,((cos(i0) + -2.4779) * square(i1)),352,15.560226440429688,0.013776787556707859
353,sqrt(abs(((i0 * cos(4.0286)) - exp(exp(-0.2906) / -3.1053))) + 1.6322),353,1.2169669389550108e-05,0.00012486620107665658
354,abs((exp((-abs(i1) + 3.6237)) - 3.2466) - square((i0 / (abs(i2) + 0.5757)) + i1)),354,8.780834197998047,0.0223946962505579
355,((i1 - i2) / 0.7468),355,2.193962427554652e-05,6.21614105966728e-07
356,((2.1443 + sin(i0)) / (-square(i2) + -0.0599)),356,0.1241831183433532,0.0015417378162965178
357,((sqrt(1.4187) - log((square(i0) + 1.8672))) - square(2.4329 / (-square(((i2 - sin(3.7524)) + 1.6061)) + -0.5285))),357,0.0038281232118606,0.000163548334967345
358,(((sin(-2.5852) / (square(i0) + 1.8323)) / (abs(i2) + 0.7119)) * ((square(i2) * i1) + exp((-square(i0) + 3.9575)))),358,0.0121250785887241,0.0019019939936697483
359,exp(-square((cos(sin(0.5262 - -1.1911) / (-square(i0) + -0.6732)) + (i2 + square(i1)))) + 0.8171),359,0.0050489236600697,0.015317829325795174
360,log(abs((2.1228 * (3.0088 * (i0 / -4.0743)))) + 0.6761),360,7.699566049268469e-05,0.00014749813999515027
361,(i0 + cos(i2)),361,0.0044930470176041,0.00047951447777450085
362,(i0 - -2.3805),362,8.558664376323577e-06,8.242545277425961e-07
363,(i2 + exp((-abs(i0) + 3.6282))),363,0.0038247022312134,4.367390283732675e-05
364,(abs(i1) + i1),364,1.0514041605347302e-05,8.296809710373054e-07
365,(sqrt(square((i2 / -0.5093)) + 0.1568) - square(i2)),365,0.014757196418941,0.00021874324011150748
366,(1.0598 * log(square(((cos(0.8399) - 0.6109) + abs(i0 * square(i2)))) + 0.066)),366,0.0414843186736106,0.003085115924477577
367,abs(i1 / (square(i2) + 0.5448)),367,0.0016259846743196,0.0003355198132339865
368,sin(exp((-square(i0) + 3.3659)) / (abs(sqrt((square(i2) + 1.6832))) + 4.4585)),368,0.0001756379788275,0.000786441087257117
369,(i1 - (i0 * i2)),369,0.0372563563287258,0.0004099768993910402
370,(i1 / (abs(cos(i2)) + 3.3375)),370,0.0009525017812848,0.0016035328153520823
371,(abs(i1) + (square(i2 / (-square(i0) + -2.6188)) * i1)),371,0.0758066475391388,0.005033968947827816
372,log(square(((1.3129 - log((abs(i2) + 1.1252))) * i0)) + 1.7812),372,0.000661353347823,0.0014382043154910207
373,(abs(-1.1768 / (-square(i1) + -0.3588)) / (square(i0) + 1.0511)),373,2.680012767086737e-05,0.00018259449279867113
374,(log(abs((sqrt((square(i2) + 1.231)) * i1)) + 1.3283) - ((log((abs(i1) + 0.3839)) * i2) / (abs(i0) + 0.5229))),374,0.0682063549757003,0.01481714379042387
375,sin((i0 + i1) - (i2 - i2)),375,0.0003980993642471,0.0008407322457060218
376,((i2 - i0) * sin(-3.4082)),376,1.4113153383732424e-06,1.0901702580667916e-06
377,(i2 + 0.8276),377,2.5156106858048588e-05,2.8558913527376717e-06
378,(-3.8493 / (-abs(i0) + -0.3486)),378,0.0001339695299975,3.4244592825416476e-05
379,sin(((sqrt((abs(i0) + 0.0214)) - i2) / (abs(sqrt((abs(i1) + 1.2635))) + 1.2046)) - ((i1 / (-abs(i0) + -1.3311)) / -0.4798)),379,0.0057672257535159,0.011688325554132462
380,sin(log(square(((i0 + i2) - sqrt((square(i1) + 0.9651)))) + 1.1686) / 1.8826),380,4.995832568965852e-05,0.0006441767327487469
381,square(i0 * exp(0.9367)),381,0.0381546877324581,1.0863886018341873e-05
382,abs(i0 + abs(i1)),382,1.1406456906115636e-05,1.940089305207948e-06
383,((i2 + (exp((-square(i0) + 3.5962)) - i1)) - i2),383,0.0122715691104531,7.6961143349763e-05
384,cos(i1 / 4.0786),384,6.9848965722485445e-06,8.771236025495455e-05
385,(sqrt((abs(i0) + 0.0727)) / (-square(i2) + -0.1072)),385,0.0068649076856672,0.0005272270645946264
386,square((i1 - i0) - i2),386,0.0425586439669132,2.5604118491173722e-05
387,log(square((3.5482 * (i2 * sqrt(0.3074)))) + 0.1705),387,0.0003530188696458,0.00011230357631575316
388,(i2 + ((abs(i0) - exp(-1.6745)) * (log((square(i2) + 1.7729)) / (-square(log((square(i1) + 1.4979))) + -1.0528)))),388,0.0306288506835699,0.00237034703604877
389,log(square(((-4.0524 * i1) + i0)) + 0.2376),389,0.0038439850322902,0.000995898968540132
390,(i0 - i1),390,1.0374546036473475e-05,6.85772420183639e-07
391,(sqrt(3.0252) * log(square((abs(i0) / (square(exp((-square(i1) + 3.9954))) + 2.2343))) + 0.2373)),391,0.0014277885202318,0.00037528015673160553
392,((3.8771 / (square((0.7245 + cos(i1))) + 2.327)) * (log(square((i0 - sqrt((abs(i0) + 0.3206)))) + 1.397) - (square(3.9746) / (-abs(i2) + -0.4932)))),392,1.4428577423095703,0.013771386817097664
393,(sin(i1) + cos(1.5823 * i0)),393,0.0063152480870485,0.006124946288764477
394,(i1 / cos(5.0436)),394,3.5968521842733026e-05,3.8550479075638577e-07
395,((i2 + 0.69) * sqrt(square((-0.1242 - i1)) + 1.728)),395,0.0624110996723175,0.000761590781621635
396,sqrt(abs(((i0 + i1) / -2.1548)) + 0.1354),396,1.1739653018594254e-05,5.430509918369353e-05
397,(cos(i0) / (-abs(exp((-abs(i2) + 3.5788))) + -2.3063)),397,0.0001283858291571,0.004996622446924448
398,((sin(i0) + square(i1)) / -0.8832),398,0.0980236008763313,0.0005305933300405741
399,exp(-abs(((exp((-abs(i1) + 3.363)) * i1) + (i2 * log(0.3573)))) + 1.0587),399,0.0047462806105613,0.019437536597251892
400,(i1 + ((exp((-abs(i0) + 1.3483)) / 0.66) * 0.6408)),400,0.0010208057938143,0.00010581728565739468
401,abs(sqrt((square(i0) + 1.0156)) + i2),401,0.0003843380836769,5.925463483436033e-05
402,(2.3236 - square(i0 + i1)),402,0.0447636246681213,5.9725269238697365e-05
403,(-0.8105 * cos(i2)),403,3.566140730981715e-05,0.0001066269469447434
404,sqrt(abs(((0.383 / (abs(i0) + 1.0508)) * i2)) + 3.1659),404,5.8471279771765694e-05,0.006578679662197828
405,(sqrt(abs((i2 - i1)) + 1.47) * i0),405,0.0055622006766498,0.00012190925917821005
406,(abs((i0 * i1) / -0.5612) - exp((-abs(i2) + 3.9433))),406,0.6539838910102844,0.0017750475089997053
407,(exp(1.6672) * i2),407,4.989318404113874e-05,2.0103674103211233e-07
408,(exp((-square(i0) + 3.6332)) * i1),408,2.469123363494873,0.0007748570642434061
409,(((sqrt((square(i1) + 2.1268)) / (abs(sqrt((square(i0) + 3.5803))) + 0.393)) * i2) * (i2 * i1)),409,31.5493221282959,0.0065496861934661865
410,(cos(i2 - i0) + (sqrt(abs(((-1.8459 * i0) * (abs(1.7986) / (-square(exp((-abs(i1) + 3.1657))) + -0.0104)))) + 3.2319) + i2)),410,0.2465540319681167,0.004642103798687458
411,((i0 / (-square(exp((-square(i1) + 3.4796))) + -0.1125)) / (-abs((i2 * exp(-abs((-1.9731 - i1)) + 2.7673))) + -3.1277)),411,0.054676815867424,0.0023635015822947025
412,(exp(-square((i1 * i0)) + 3.4348) - (sqrt((abs(i2) + 0.9076)) - square(i2))),412,0.7790316343307495,0.0026065525598824024
413,(((i2 / (square((i1 * i2)) + 0.6323)) - sqrt(abs((log((abs(i0) + 1.418)) * 1.2556)) + 3.4601)) / (abs(i0) + 0.665)),413,0.0083905970677733,0.010873046703636646
414,exp(-abs((i1 - i2)) + 2.6572),414,0.0003408024495001,3.344985452713445e-05
415,abs(i0 - i2),415,3.458267883615917e-06,5.229760517977411e-07
416,(((exp(-0.8814) / (square(log((abs(i1) + 0.1361))) + 0.2467)) + -0.2276) / 1.5745),416,1.896740286611021e-05,0.00019814528059214354
417,(abs(i2) - i0),417,2.167205821024254e-05,1.8048896208711085e-06
418,(i2 + (i0 * i1)),418,0.0312176533043384,0.0003065725031774491
419,(sqrt((square(i1) + 0.0359)) * -1.15),419,2.1555062630795877e-05,4.403993443702348e-06
420,((i1 + i2) + (square(i0 + sin(-0.3756)) - i0)),420,0.015276338905096,0.00011707156954798847
421,(i0 + -1.5098),421,1.5916937627480365e-05,1.8963751244882587e-06
422,(exp((-abs(i1) + 2.5707)) + cos(i2 - 1.1368)),422,0.0175096169114112,0.001526257605291903
423,((i2 / (-square(i1) + -0.5139)) - (i0 - sqrt(abs((2.0672 - i0)) + 0.5659))),423,0.0117680234834551,0.0007817439618520439
424,(-1.5007 / (-abs(abs(square(sin(i2) + (i0 - i1)) / (abs(i1) + 0.5476))) + -1.185)),424,0.0025981916114687,0.01746174320578575
425,abs(((i2 / -0.6288) - (-0.6412 * -2.6307)) / (abs(i1) + 2.7372)),425,0.000189589918591,0.0003532228001859039
426,(exp(1.3327 + 2.2484) + i1),426,2.235467206901376e-07,2.2230739915585218e-08
427,sin((sqrt(abs((i1 / (abs(i1) + 0.0564))) + 0.3869) - cos(i0)) + i2),427,0.0071953148581087,0.0143849216401577
428,(sqrt((abs(i2) + 1.8333)) - i1),428,0.0001946497068274,2.0677238353528082e-05
429,(i1 * ((i2 * cos(i0)) - (i0 + 3.6256))),429,2.962475299835205,0.014696406200528145
430,sin(i0 - (exp(-abs((i0 - i1)) + 1.8048) - i2)),430,0.0085097178816795,0.016515793278813362
431,abs(i0 - -5.2606),431,2.0883318939013407e-05,2.615796802274417e-06
432,(i2 * i1),432,0.0398574396967887,0.0003629556449595839
433,(square(i1 * 2.6853) - cos(sin(0.5643 + 1.1875) - i0)),433,0.7175565958023071,0.00012109793169656768
434,(i1 / 1.2517),434,5.263373623165535e-06,9.478951028540905e-07
435,(-1.2164 * exp((-abs(i0) + 2.1408))),435,0.0001535419432912,2.0506147848209366e-05
436,sin(i1 / (-abs((abs(i0) - i2)) + -1.0722)),436,0.0021125362254679,0.006819088943302631
437,sqrt(abs((sqrt((square(i2) + 2.2378)) + sqrt((abs(i1) + 1.0016)))) + 1.2062),437,9.772814519237728e-05,0.0010073155863210559
438,((i0 + i1) / (-square(i2) + -2.632)),438,0.0001247137843165,0.0001689549972070381
439,square(i2 + i1),439,0.0127231990918517,2.453417437209282e-05
440,(i0 - (i0 / (-abs(square(i2 + i1)) + -0.5086))),440,0.0031289474572986,0.00016989538562484086
441,(-0.238 - sqrt((abs(i1) + 0.136))),441,2.852835314115509e-05,9.114840941037983e-05
442,(i0 * -0.1171),442,1.6391056760767242e-06,1.3472903447109275e-05
443,(square(0.6677) / (abs(sqrt((abs(i0) + 3.0811))) + 0.4208)),443,3.764098437386565e-07,0.0008364139357581735
444,sqrt(square(((i2 - (sqrt((square(i1) + 2.7126)) * i0)) + sin(i0))) + 0.3327),444,0.067682147026062,0.0014901887625455856
445,((0.3621 * log((abs(i1) + 0.0448))) + i0),445,0.0003082611365243,3.474265758995898e-05
446,(i1 - (sin(i1) - ((-0.6992 - i2) - i0))),446,0.0087738316506147,0.00030484350281767547
447,(((i1 - exp(0.9013)) - i2) * i0),447,0.1067504435777664,0.0006493610562756658
448,abs((abs(1.2802) / (abs(sqrt(square((sqrt((square(i0) + 1.2231)) / (-abs(i2) + -0.9812))) + 0.8526)) + 0.0807)) + i1),448,0.0007327040657401,0.00017822009976953268
449,(i1 - (i0 + i2)),449,5.589857028098777e-05,1.953240143848234e-06
450,abs(log(square((square(i0) * cos(log(abs((i1 * i1)) + 0.1338) + cos(i2 / (-abs(i2) + -0.4894))))) + 0.7655) - (i0 * i1)),450,0.3147382140159607,0.006612103432416916
451,(-0.5455 / (abs((cos(-2.6647) + log((square(i1) + 0.1329)))) + 0.211)),451,9.893910464597866e-05,0.0007885972736403346
452,log(square((cos(i0) - (abs(i1) + abs(2.9372)))) + 0.3171),452,0.0014756806194782,0.003239888697862625
453,sqrt(abs(((i2 * i1) - -4.4007)) + 0.1683),453,0.0043071284890174,0.0038905213586986065
454,(abs(abs(i2 / exp(1.8599)) - 0.0071) * ((i0 / (-square((sin(2.7306) * (i1 / -2.0278))) + -1.7322)) - i2)),454,0.0034419312141835,0.0005901849362999201
455,((-1.3822 * cos(i1)) + i0),455,0.0026184024754911,0.00025006727082654834
456,(i0 + (sqrt((square(i0) + 0.0871)) + i1)),456,5.615505870082416e-05,3.2801171983010136e-06
457,cos((i2 - (i0 + i2)) - ((1.6374 + i1) * 1.8891)),457,0.0021039326675236,0.004062064457684755
458,(i2 - -0.4133),458,7.601044671901036e-06,7.017462166913901e-07
459,(-0.4299 * sqrt((square(i0) + 2.2703))),459,1.1334520422678906e-05,2.433116787869949e-05
460,(0.6087 / (abs((log((square(i1) + 0.1268)) + i0)) + 0.2126)),460,0.0021860820706933,0.008642690256237984
461,(i1 * i2),461,0.0401413179934024,0.0007986822165548801
462,((i1 - (i2 + abs(0.0878))) - i0),462,7.842533705115784e-06,2.945423887013021e-07
463,(square(i0) / (-square((-0.98 - i2)) + -5.7415)),463,0.0008360998472198,0.0004954945761710405
464,(-0.4886 / (-square(i2) + -2.2166)),464,7.00718373991549e-07,0.00014906485739629716
465,log(abs(((((i1 * i0) - cos(i2)) * i0) + (3.7365 * exp((-square(i1) + 2.171))))) + 0.977),465,0.0272027216851711,0.015158588998019695
466,abs(exp(-square((i0 + log((square(i2) + 0.1973)))) + 3.6213) - square(square(-0.28) * abs(1.3034))),466,0.407006025314331,0.002888557966798544
467,(((-6.1828 / (-abs(i1) + -0.6585)) / (square(i2) + 1.6756)) - cos(i0 - i0)),467,0.0017768919933587,0.003064334625378251
468,abs(0.643 + i1),468,1.516738393547712e-06,4.955642793902371e-07
469,(i2 + square((square(i0) / 0.1173) / -0.2281)),469,2077147008.0,0.001255028648301959
470,(i2 * i1),470,0.0494272410869598,0.0005484228604473174
471,(abs(i2 / (square(sqrt((abs(i1) + 0.3287))) + 0.5313)) * (i0 + 0.0837)),471,0.1188440024852752,0.007061903830617666
472,((i0 * (i1 / (abs(i2) + 0.0665))) - sin(1.0324)),472,2.974486827850342,0.010240422561764717
473,(i1 - i2),473,1.1296207958366722e-05,6.661787779194128e-07
474,(sin((-2.6503 * (i0 / (square(i2) + 0.2114))) + i1) + ((i1 - i2) / -0.725)),474,0.246604323387146,0.005778067745268345
475,((i2 + cos(1.3251)) / (-abs(sin((sqrt(square((log(0.2499) - i1)) + 1.8508) * i0) * (-0.5714 * 3.0079))) + -1.5289)),475,0.0509023144841194,0.02368348278105259
476,(-2.1722 - i1),476,2.804876930895261e-05,2.99998941954982e-06
477,(i2 + i1),477,5.026130565966014e-06,2.899773505760095e-07
478,exp(-abs(((-2.297 + sqrt(square((i0 + -1.6042)) + 4.5946)) + (log((square(i2) + 0.1102)) + 0.4716))) + 2.8993),478,0.0161644723266363,0.0009285456617362797
479,(exp(-abs(((i2 * i2) * i1)) + 3.7514) - ((0.0599 * (2.97 / (square(log((square(i1) + 0.0377))) + 0.7004))) - i0)),479,0.2952843010425567,0.0014032712206244469
480,(0.8468 + square(sqrt(square((sin(0.8481) / (-square(exp((-square(i1) + 3.9395))) + -1.4895))) + 0.1407) - i0)),480,0.0507649630308151,0.0002585007168818265
481,((-2.2246 + abs(i1)) + (abs(sqrt(abs((cos(i0) - 1.4415)) + 0.4669) * exp((-square(i2) + 2.8045))) - i2)),481,0.0968673974275589,0.0013459550682455301
482,abs(abs(log(square((square(i2) - i1)) + 0.502) - i2) / 0.4274),482,0.0733412057161331,0.0008323659421876073
483,(abs(-2.1761) - (abs(i0) * -0.3448)),483,4.155450028520136e-07,1.0546739304118091e-06
484,(cos(i2) + (i0 * i1)),484,0.1548413187265396,0.0022766576148569584
485,((abs(i0) + i2) * -0.5186),485,1.5030562281026503e-05,4.230338618071983e-06
486,(log((square(i0) + 3.0373)) + i1),486,0.0008594833198003,8.20125060272403e-05
487,(cos(i0) + ((2.2501 + (log((square(i0) + 0.0229)) / (-square(i1) + -0.2884))) - (-1.3802 - square(i2)))),487,0.219285100698471,0.0015779620734974742
488,sqrt(abs((exp(-1.2311) - (0.021 * (i2 + i0)))) + 0.2978),488,9.85040514933644e-07,0.0002900847466662526
489,(square(i0) / (abs(i1) + 0.0594)),489,2.425291061401367,0.007182971574366093
490,(i0 / (-abs(((i1 + i2) / 0.3653)) + -0.2848)),490,0.0054285274818539,0.00402531772851944
491,square(exp((-abs(i0) + 2.961)) - i1),491,10.527718544006348,0.0012143400963395834
492,log(abs((i2 * log(square(((i0 - square(i1)) + (i2 - i0))) + 4.6596))) + 2.1038),492,0.0062830951064825,0.009841137565672398
493,(i0 / (-square(square(i2)) + -2.9214)),493,5.244374187896028e-05,0.00021826534066349268
494,((i1 + 2.8612) - (i0 + -2.243)),494,3.088963421760127e-05,1.8703432260736008e-06
495,exp(-square(((i2 * (sin(i1) - (log((square(i2) + 0.8997)) / -1.0626))) / (square(cos(i0 / (square(sqrt((square(i1) + 1.9396))) + 0.2879))) + 0.7417))) + 3.7651),495,1.832543134689331,0.005499667953699827
496,(-3.6426 + i2),496,1.1958176401094534e-05,1.4034368405191344e-06
497,(abs(i1) + (i0 / (square((i0 / (square(exp((-abs(i2) + 3.2746))) + 0.6889))) + 3.0326))),497,0.000939825316891,0.00023282109759747982
498,abs(i1 * (i0 / (-abs(exp((-square(i2) + 3.902))) + -0.255))),498,2.335419178009033,0.007415648549795151
499,(square(((1.8601 / (square(i0) + 0.4593)) + log(1.7206)) + i0) * i1),499,7.662026405334473,0.002368237590417266
500,square(i0 / (-abs((abs(i2) / (-square(abs(square(i1) * 2.4998)) + -3.0735))) + -0.6303)),500,9.295461654663086,0.013764855451881886
501,(abs(1.499 + i0) + (i1 * i2)),501,0.0213105175644159,0.0002297671017004177
502,((exp(-1.9444) * log(square((i1 * exp(-1.0462))) + 0.8504)) + (i2 + i1)),502,4.3764099245890975e-05,2.213214429502841e-06
503,sqrt(abs((sqrt(0.1819) / (-square(sqrt(abs((i1 * i0)) + 0.286)) + -0.1387))) + 1.6853),503,0.0001420559710822,0.021269846707582474
504,((i0 + ((sin(i2) / (-square(sqrt((square(i1) + 0.3841))) + -1.1419)) + i2)) - (i0 / (-abs(log((abs(i1) + 1.8812))) + -0.1825))),504,0.0128792766481637,0.00030429571052081883
505,(0.5656 * (i2 * -1.737)),505,2.234349040008965e-06,2.5918868118424143e-07
506,(i0 * (1.0995 - -5.4459)),506,0.0002218721201643,5.566731147155224e-07
507,((i1 / (-abs(i2) + -0.4179)) + 2.5903),507,0.0013946304097771,0.00028259315877221525
508,(sin(i2) - ((i1 - abs(i0)) - 1.7395)),508,0.0046828165650367,0.00034664341364987195
509,(i1 * i2),509,0.0399207547307014,0.00047671011998318136
510,sqrt(square((2.4014 * (abs(i0 / (square((i1 * i2)) + 2.1506)) - square(i0)))) + 0.3582),510,1.1782441139221191,0.0013257510727271438
511,((2.4714 + i2) / (abs(i0) + 1.1501)),511,0.0005620196461677,0.0002989377826452255
512,log(abs((i0 / 1.3863)) + 0.6121),512,2.1032174117863175e-05,6.287805445026606e-05
513,((i0 - -2.9397) - exp(-square(((sqrt((abs(i2) + 0.269)) * i1) * i1)) + 2.757)),513,0.0197651777416467,0.0005504327709786594
514,(square(i2 - i0) * abs(sqrt(3.5583) * log(1.1303))),514,0.0021726854611188,5.503822467289865e-05
515,(square(abs(i0) / 1.0363) - sqrt(abs((sqrt((square(i2) + 0.4443)) / (-abs(i1) + -0.1785))) + 0.2011)),515,0.1788272559642791,0.0009831301867961884
516,(i2 / (square(log(abs((1.7929 * i1)) + 1.6615)) + 0.4719)),516,0.0009876334806904,0.00036889113835059106
517,((0.4048 * (i0 + i0)) + (abs(i2) * sqrt((abs(i1) + 0.0115)))),517,0.0117732882499694,0.0006097054574638605
518,abs(exp((-square(i2) + 3.8589)) / (-square((square(i0 + -0.7104) * (-1.7614 * abs(i1)))) + -1.1422)),518,0.5205800533294678,0.013807606883347034
519,log(abs((square(square(3.2487) / (abs(i0) + 1.2577)) + ((i0 + sqrt((abs(i1) + 0.1337))) - (i2 + 1.9558)))) + 2.0663),519,0.0007288472843356,0.001311503117904067
520,((sqrt(1.3772) - (i2 / (abs(exp(-abs((i0 / (square(log((abs(i0) + 0.472))) + 0.0306))) + 2.8686)) + 0.5993))) + sqrt((abs(i1) + 0.1195))),520,0.0389170423150062,0.005397825036197901
521,(cos(i2) * (-1.7061 * i1)),521,0.0615492537617683,0.004570969846099615
522,(abs(square(square(-1.811) + 3.7244) + exp((-square(i1) + 3.3874))) - (i0 + sqrt((abs(i2) + 1.0382)))),522,0.0539804622530937,0.0004688820627052337
523,(i1 - exp(-square((sqrt((square(i2) + 0.1359)) + -0.8803)) + 3.345)),523,0.0136933587491512,0.00010328512144042179
524,(cos(i2) + (sqrt((square(i0) + 0.073)) + i1)),524,0.0568591989576816,0.005054384469985962
525,(i0 / (abs(i0) + 0.3626)),525,1.704562600934878e-05,2.72459838015493e-05
526,(((sqrt(1.4127) + i0) + sqrt((abs(i2) + 0.4604))) - i1),526,0.0002191035600844,1.1798041668953374e-05
527,abs(i1 - 0.2526),527,2.059671032839105e-06,6.584991751878988e-07
528,square(-0.4152 / (-square((i0 / (square(i1) + 0.047))) + -1.0922)),528,2.071882590826135e-06,0.0005637547583319247
529,sqrt(abs((square(i0) / (-square(((i0 / (abs(log((square(i1) + 0.0623))) + 3.2687)) / (abs(i2) + 1.7475))) + -0.3266))) + 0.9082),529,0.0281026363372802,0.004710644017904997
530,((abs(i1) / 0.2536) + sin(i2)),530,0.0133839389309287,0.0002829489530995488
531,(exp((-square(i1) + 3.511)) / (-abs((i1 * cos(i2))) + -0.3031)),531,7.404306411743164,0.012975843623280525
532,(log((abs(i0) + 0.6107)) - (i1 + i2)),532,0.0003423605812713,1.9752775187953375e-05
533,((sqrt((square(i0) + 2.002)) - (cos(i2) + exp((-square(i2) + 3.3312)))) - (i1 / (square((0.2734 * log((square(i0) + 0.239)))) + 0.9401))),533,0.1216424852609634,0.0010371307143941522
534,(sin(2.5742) - (i0 / (abs((i1 - abs(-2.1698))) + 1.5547))),534,9.9194745416753e-05,0.0001469837297918275
535,(i0 / (square(cos(i2)) + 1.6033)),535,0.0039393440820276,0.0016031005652621388
536,square((i1 / (-square(square(i0)) + -2.0021)) - i2),536,0.5770505666732788,0.003448651172220707
537,(i0 - (i2 * (i2 * i1))),537,5.741127014160156,0.003305993741378188
538,exp(-abs(((exp(log(1.4265) / 1.6879) - i1) * i2)) + 3.8073),538,0.3303673267364502,0.001923085656017065
539,(-0.2862 + (i1 / (-abs(i2) + -2.271))),539,9.47506632655859e-05,0.00017971868510358036
540,(i2 + sqrt((abs(i0) + 0.3214))),540,0.0001740587467793,2.1807356461067684e-05
541,(sqrt(square((i1 / (-abs(i0) + -0.6994))) + 1.6839) - sqrt(square((sqrt((abs(i2) + 1.6686)) / square(1.6649))) + 0.0297)),541,0.0009053826215676,0.0010705795139074326
542,(abs(i1) / (-square(((i2 + (exp(2.5802) * 2.5388)) + i0)) + -0.9807)),542,3.4331783638208435e-08,0.0088807987049222
543,(3.3244 / (abs(i0) + 1.8199)),543,4.239584995957557e-06,3.075582571909763e-05
544,((sin(-1.5832) / -1.0117) + cos(i0)),544,0.0027482926379889,0.005614465102553368
545,((i1 * square(i0)) * abs(square(i2) - 0.5208)),545,5497.9375,0.018226034939289093
546,(i2 + cos(i0)),546,0.002230231417343,0.00027042365400120616
547,(i1 - (i2 + sqrt(square((square(i0 * i1) / (-abs(i2) + -1.4393))) + 0.0151))),547,34.01911163330078,0.004648861475288868
548,(abs(-2.5934) / (square((i1 + i2)) + 0.8962)),548,3.691484744194895e-05,5.552371294470504e-05
549,(i0 / (-square(i2) + -0.1954)),549,0.0165879428386688,0.000621694780420512
550,(i0 / (square(i1) + 1.1919)),550,0.0011750345584005,0.001268564723432064
551,(i1 + (0.2439 + i0)),551,1.133703608502401e-05,6.847250233477098e-07
552,((i2 + i1) / (square(i0) + 1.0649)),552,0.0014304727083072,0.0004369423259049654
553,sqrt(square((0.2258 - i1)) + 1.1521),553,3.003758320119232e-05,1.1138728041260038e-05
554,(((i1 / sqrt(0.698)) + -0.2502) - (i0 + (-1.9188 + exp((-abs(i2) + 3.8802))))),554,0.0057684825733304,3.2983683922793716e-05
555,(0.0688 + i2),555,1.4872761312290096e-05,1.8459846842233674e-06
556,(square(i1) + sin(exp(-square((square(i1) + (log(1.635) + i2))) + 2.9792) * abs(i2 / (abs(i0) + 1.7267)))),556,0.0778407901525497,0.0004573999030981213
557,(sin(cos(0.6359) - ((i1 + i1) - i0)) - i2),557,0.0221803188323974,0.0019713619258254766
558,(exp((-square(i2) + 2.5993)) * square(-1.4273)),558,0.0035674627870321,4.04022830480244e-05
559,(((i2 + i0) + cos(i1)) / (square(sqrt((square(i2) + 1.5803))) + 1.5279)),559,0.0007670598570257,0.001917008776217699
560,exp(-abs((i2 / (-abs((i1 * (-0.6151 / (-square((sqrt(3.4) + log((square(i0) + 0.0789)))) + -1.1399)))) + -0.4319))) + 2.5521),560,0.0338776856660842,0.0036776401102542877
561,((abs(0.3002 - (i1 / (abs(i0) + 1.0217))) * sqrt((square(i0) + 1.0234))) - i2),561,0.031241713091731,0.002970673842355609
562,(i1 * log((square(i0) + 0.0176))),562,0.0380834117531776,0.0010017257882282138
563,(i0 - abs(i2)),563,7.208714123407844e-06,6.258089229049801e-07
564,((-0.1571 * exp(-square((i1 + i0)) + 3.936)) - square(i2)),564,0.0106386523693799,6.27495683147572e-05
565,(i1 - i0),565,2.928543835878372e-06,1.6006008252134052e-07
566,(i0 + (exp((-abs(i1) + 3.1711)) + i2)),566,0.0019877403974533,3.424438909860328e-05
567,sin(i0 + i2),567,0.0027862170245498,0.005771901924163103
568,((1.0957 - i1) / (square(i0) + 0.817)),568,0.0012681343359872,0.0004910986754111946
569,(i1 + (i2 * i0)),569,0.0541635192930698,0.0006105266511440277
570,cos(log(abs((((i0 / (abs(i0) + 1.7609)) - cos(-1.9159)) * abs(i2))) + 1.4405) + log(square((((i2 - i2) + i1) - abs(i1))) + 2.9498)),570,0.0008426180575042,0.003742212662473321
571,(cos(i1 - (i2 * sqrt((square(i0) + 1.3667)))) + i0),571,0.1671606004238128,0.017410119995474815
572,(i2 + (4.3382 - i1)),572,2.8190210286993533e-05,1.4876661680318648e-06
573,sin(i0 * -1.0262),573,0.0001033722510328,0.000205484771868214
574,((square(i2) + sqrt((abs(i1) + 0.3472))) - i0),574,0.0145999211817979,7.5459414802026e-05
575,(-1.6292 * ((i0 / 1.0775) * sqrt(0.6178))),575,4.865286427957472e-06,3.8920873635106545e-07
576,(i2 - 1.403),576,8.175265975296497e-06,9.219481285072106e-07
577,log(abs((i2 - -1.7153)) + 0.6277),577,3.0466180760413408e-05,6.719564407831058e-05
578,(i0 + (sqrt((abs(i1) + 1.4481)) - log((square(i2) + 1.1304)))),578,0.0008423321414738,7.566648127976805e-05
579,exp(-square((-1.7375 + i0)) + 3.8445),579,0.010165536776185,3.617520269472152e-05
580,square(((i0 - 1.7864) + i2) - (-2.7841 * (i1 / (abs(i1) + 0.723)))),580,0.7696918249130249,0.0004579565429594368
581,(sqrt(abs((sqrt((square(i2) + 0.6221)) * i0)) + 1.6765) - sin(1.3622 + -0.8152)),581,0.0009215623140335,0.0009447681368328631
582,square((i1 + i2) - ((i0 * i2) / (square(i0) + 0.9204))),582,11.578227996826172,0.007049165200442076
583,(i0 * i1),583,0.0387179441750049,0.0004208943573758006
584,((sin((1.2829 + abs(3.3189)) / (-square(sin(i0)) + -0.056)) * -0.5817) - i2),584,0.1899921596050262,0.02026480995118618
585,((square(-2.5984) - 3.8819) + sqrt((abs(i2) + 0.8026))),585,0.0003531949478201,0.0013779612490907311
586,abs(i0 + i1),586,2.75949844308343e-07,4.1153764840373697e-08
587,((-2.2692 / (square(i2) + 1.0136)) / (abs(log(square((-0.5389 + i0)) + 0.1055)) + 0.4154)),587,0.0008053396595641,0.0024209809489548206
588,((i0 / 0.9093) + (abs(sin(i2) * -0.6321) / (abs((sqrt((abs(i1) + 5.6836)) * 2.2255)) + 0.5206))),588,0.0008051011245697,7.818491576472297e-05
589,(i2 - i1),589,2.0826546460739337e-05,1.131796807385399e-06
590,((abs(sin(i2) + -0.0768) - ((log((square(i1) + 2.1703)) * i1) - i0)) - i2),590,0.1002499759197235,0.0009206827380694449
591,(i2 - (exp(1.7859) / (abs(i0) + 0.7227))),591,0.0012225336395204,0.00011395461478969082
592,(((cos(i1) * i2) + i0) * abs(i2)),592,4.684687614440918,0.024624450132250786
593,(square(2.4791 / (square(exp(-square((i2 * i0)) + 3.9196)) + 0.7972)) / (square((3.6945 + sqrt(abs((i1 - i0)) + 0.0777))) + 1.9767)),593,0.000151946907863,0.005843713413923979
594,(i2 + cos(i1)),594,0.0013862784253433,0.00014344637747853994
595,(log(abs((i0 / (abs(i1) + 0.4846))) + 0.442) - (0.4941 + i2)),595,0.0011548883048817,0.00012824016448576003
596,(i1 * log(0.5039)),596,2.00579643205856e-06,5.163560672372114e-07
597,((-1.5924 * exp((-square(i2) + 2.1384))) / -0.4448),597,0.0049272868782281,5.091464117867872e-05
598,(i1 * cos(i2 - 2.5276)),598,0.0260068289935588,0.005493838340044022
599,square((-0.8094 - (i1 - i2)) * 2.392),599,0.2789832353591919,1.4639720575360116e-05
600,(square(log(5.0158) + -2.0352) + (square(3.2389) + sqrt((square(i1) + 0.8242)))),600,0.000139784257044,4.0855578845366836e-05
601,(square(i0) * i2),601,1.3125466108322144,0.0009751183679327369
602,(i2 / (-abs(exp((-square(i1) + 1.2507))) + -0.8643)),602,0.0019507302204146,0.0002475565706845373
603,(sin(0.204) - square(i1 - i2)),603,0.0085441581904888,1.1175066902069375e-05
604,(i2 + i0),604,1.9129849533783272e-05,9.56641201810271e-07
605,(i1 * i2),605,0.0430060438811779,0.0005185576155781746
606,(i0 * (i2 / (abs(abs(i1)) + 1.2687))),606,0.084840252995491,0.00614222651347518
607,((exp((-abs(i2) + 2.6531)) / (square(i1) + 1.3604)) + log((square(i0) + 0.6305))),607,0.0040996754541993,0.001092603080905974
608,((i2 * sin(0.5781 + -0.6019)) + sin(-1.5094)),608,1.6534873026330388e-08,3.980568180850241e-06
609,sqrt(square(((square(i0) * i2) - (i1 - 1.1838))) + 1.6781),609,6.364151954650879,0.004450591746717691
610,((i2 + log(2.6704)) * log(abs((square(i1 - i1) - i0)) + 0.0712)),610,0.0164586417376995,0.0011059582466259599
611,(cos(i2) - 4.3627),611,0.0016545586986467,0.0034292126074433327
612,((i2 + -1.4298) * (((2.2441 * abs(0.3394)) - abs(-0.1612)) - 2.3352)),612,3.3351112506352365e-05,1.2804189282178413e-06
613,(i2 / (abs(i1) + 3.6259)),613,2.900166145991534e-05,9.39664023462683e-05
614,(((i0 / (square(i1) + 0.3011)) + i0) - (abs(sin(3.0624) + 1.664) - i2)),614,0.0222359597682952,0.000656909600365907
615,(abs(i1 * square(4.8066)) * i0),615,8.708992004394531,0.0002481302653905004
616,exp(-abs((square(i0) - i2)) + 3.3537),616,0.1311734318733215,0.0041767265647649765
617,exp(-abs(((i1 + i2) + (i2 * (i0 - i0)))) + 2.9939),617,0.0060841655358672,0.000237608517636545
618,square((i1 / (square((sin(i0) - i0)) + 2.7144)) * (log((abs(i2) + 0.6915)) / (-abs(i1) + -0.2634))),618,1.8259957869304344e-05,0.0017100156983360648
619,(exp(-0.4989 - sin(3.1052)) / (square(i2) + 0.4679)),619,3.898772774846293e-06,3.080146052525379e-05
620,(i0 * i1),620,0.0382074229419231,0.000492660969030112
621,abs(((-0.7591 * i2) * sin(-0.284)) * ((i0 - 2.7079) * exp(0.4596))),621,0.0360327064990997,0.0030034903902560472
622,abs(((i0 - 1.9962) - i2) + i1),622,2.104584837070433e-06,2.0701108383036626e-07
623,(i2 + i0),623,4.2817314351850655e-06,1.9798855532826565e-07
624,(exp((-square(i2) + 3.9363)) + i1),624,0.0075902095995843,2.8730157282552682e-05
625,(i0 + (3.7251 * 1.1727)),625,6.179101546877064e-06,6.224857997949584e-07
626,(i1 - i2),626,3.636700967035722e-06,1.8970881399127393e-07
627,((-1.137 / -0.7488) + i0),627,7.327616913244128e-06,8.670812121636118e-07
628,((-3.4448 / (-square((i0 + i2)) + -0.3195)) + -2.3127),628,0.0007772367680445,0.0001015830785036087
629,sqrt(abs(((cos(0.0092) + 0.0917) / (abs(i0) + 0.3552))) + 1.0333),629,2.668279921635985e-05,0.0007064641686156392
630,(i1 / -0.4928),630,6.190291969687678e-06,1.7309292843492585e-07
631,((i2 * cos(-2.0746)) / (abs(exp(-abs((sqrt((square(i1) + 1.3233)) * 3.9832)) + 1.9027)) + 0.1346)),631,0.0061539579182863,6.78613141644746e-05
632,(i1 + (cos(i0) - -0.2855)),632,0.000909365422558,8.467469160677865e-05
633,((i2 * (i1 - 0.461)) + (i1 + exp(-abs((i0 - log(0.1623))) + 3.9964))),633,0.3797330856323242,0.001308163977228105
634,exp(-abs((i2 - i0)) + 3.5003),634,0.0007577249780297,1.0729670066211838e-05
635,((i2 - i1) - (cos(i0) - (-0.8311 + -3.3694))),635,0.007588624022901,0.00039881441625766456
636,((exp(-1.5848) - -2.5574) * i1),636,4.4980548409512267e-05,6.726617129970691e-07
637,(sqrt(square((abs(i0) + (log(abs((i0 / (square(i2) + 2.5911))) + 0.6585) + i1))) + 0.2098) - sin(-2.3054 + sqrt((square(i1) + 0.164)))),637,0.01798558793962,0.0028432714752852917
638,(i0 - cos(i1)),638,0.0015114311827346,0.0001572536857565865
639,((cos(i2) * (i1 - i0)) + (i1 * i2)),639,1.2369890213012695,0.013263093307614326
640,(i2 / (-square(i0) + -1.1927)),640,0.0005102008581161,0.0004306079645175487
641,(i1 + (i2 * i2)),641,0.005831615999341,2.7296173357171938e-05
642,(i1 / (-square((i0 - sqrt(0.8142))) + -0.4125)),642,0.0022041234187781,0.0003430096840020269
643,(i0 * (i2 + i1)),643,0.0700794607400894,0.0005696467706002295
644,((i2 + -1.9887) / (abs(abs(i0 - sin(sqrt(2.3103) + i1))) + 1.7118)),644,0.0077578742057085,0.008024504408240318
645,((i1 - sin(i0)) * 0.1905),645,0.0001582531258463,0.0005026132566854358
646,((i1 - i0) - (i0 - i2)),646,4.743129829876125e-05,1.0419411182738259e-06
647,((i2 - cos(1.5213)) / (-abs((i1 * abs(i0))) + -1.6283)),647,0.0083218710497021,0.008627266623079777
648,((cos(i1) / (square(i0) + 1.0765)) - sqrt(1.5444)),648,0.0008129775524139,0.011481459252536297
649,(cos(log((square(i2) + 2.3662)) / (abs(i0) + 1.0979)) + i1),649,0.0014748792164027,0.00016451632836833596
650,(i2 - sin(-0.6716 - -0.6221)),650,1.13961268652929e-05,1.4534377896779915e-06
651,exp(-square((((abs(2.0503) / -1.1349) - (log((abs(i1) + 0.1353)) + -4.0704)) + (i0 + i2))) + 2.6762),651,0.0416600480675697,0.001994762569665909
652,log(square((i2 + square(-1.5106))) + 0.7416),652,0.0005958433030173,0.0003076773718930781
653,((0.9453 - sqrt(1.0828)) / (-square(abs(i0)) + -1.0171)),653,3.850626626444864e-07,0.0004947496927343309
654,(cos(i0) / (square((0.3205 / (abs(i2) + 0.0229))) + 0.0221)),654,0.7371864914894104,0.0027664420194923878
655,exp(-abs(((i2 + i0) * ((exp(-abs((square(i2 / (square(i1) + 1.2809)) - exp((-abs(i0) + 2.6011)))) + 2.9597) / (-square(i1) + -3.3259)) / -0.6085))) + 3.8135),655,7.970714569091797,0.020470554009079933
656,(log((abs(i0) + 1.6502)) - (i1 / (-abs(i2) + -1.1715))),656,0.0024169762618839,0.0015522211324423552
657,(i2 - i0),657,1.2250571671756916e-05,6.197622042236617e-07
658,(sin(i2) * exp((-abs(i1) + 3.1729))),658,0.307181179523468,0.007637588772922754
659,(log(abs((i2 + 3.6138)) + 0.1495) + i1),659,0.0003117883461527,2.9777354939142242e-05
660,abs((i2 / (-abs(exp((-square(i1) + 2.8392))) + -0.0275)) / (-abs(sqrt((square(i2) + 0.6483))) + -0.443)),660,0.1790807694196701,0.0011394855100661516
661,(exp(1.6874) - (0.4461 - square(i0))),661,0.0180162340402603,9.486157796345651e-05
662,((i2 + -0.1995) + i0),662,1.150613752542995e-05,6.38353242266021e-07
663,log(square((sin(1.951) / (-square(abs(i1)) + -0.6277))) + 2.7739),663,2.837275678757578e-05,0.0007526410627178848
664,sin((cos(-1.3657) + log(1.2782)) / (square(sqrt((abs(i0) + 0.4063))) + 0.6191)),664,1.420267608409631e-06,0.00017360907804686576
665,(((i0 + i1) + i2) + (square(cos(2.2776) * (exp(-0.2443) + exp((-square(i0) + 3.8319)))) - 2.6596)),665,3.23967719078064,3.874603135045618e-05
666,((-1.8834 - 2.6898) - ((exp((-abs(i0) + 3.8563)) + i1) * 0.1873)),666,0.0006173047004267,0.00010465469677001238
667,((log((square(i2) + 0.4366)) + i1) + square(i0)),667,0.031826339662075,0.0004361823375802487
668,(i1 / (-abs((i2 - square(i0))) + -0.55)),668,0.0195831805467605,0.01596176251769066
669,(-0.0533 + cos(i2 - sin(i0))),669,0.0092469835653901,0.018571870401501656
670,abs((i1 / (abs(i0) + 1.9238)) + ((-2.1266 - sqrt(1.4579)) * 1.9236)),670,0.0044297333806753,0.006362550891935825
671,sqrt(abs(((i1 / (-square(log((abs(i2) + 1.6815))) + -0.1931)) + abs(i1 * i0))) + 1.7391),671,0.0045311134308576,0.004115912597626448
672,log(abs(((-0.0071 + i0) / (-abs((i1 - -0.6099)) + -0.0685))) + 0.582),672,0.0005765023524872,0.0008136190590448678
673,(abs(i0) * sqrt(abs((i2 * (i1 * i1))) + 3.6126)),673,0.4493803977966308,0.003815209725871682
674,(i2 + sqrt(square((i0 + 1.3808)) + 0.6447)),674,0.0001317082787863,1.1973780601692852e-05
675,(abs(abs(i1) + 0.1615) / (abs(((-3.1788 / (-abs(i2) + -2.41)) / (-square(i0) + -0.217))) + 0.2097)),675,0.1020415425300598,0.0023422667291015387
676,((i1 + i0) / (-abs(i2) + -2.0445)),676,0.0001776606368366,0.00011284389620414004
677,(i2 * -2.0331),677,6.270736776059493e-06,1.8201953366769885e-07
678,(i0 - (i1 * i2)),678,0.2333639413118362,0.002205667784437537
679,((i0 - square(i2)) / (abs(((0.5643 - i1) * -1.3018)) + 0.6722)),679,0.0531583055853843,0.0009806519374251366
680,(i2 * (i0 * i1)),680,5.755501747131348,0.007658136077225208
681,(i2 - log(square(((i0 * square(i1)) - (-3.0879 * i2))) + 1.9806)),681,0.1002232730388641,0.007352318614721298
682,(3.1065 * i0),682,0.000277274812106,3.1630067951482488e-06
683,(-3.0578 + sin(i1)),683,0.0025856210850179,0.005078446120023727
684,(((i2 * i0) * -0.6082) * i1),684,1.6356465816497805,0.005886148661375046
685,(exp((-abs(i1) + 3.317)) + (2.9703 - i0)),685,0.0028618567157536,4.4530188461067155e-05
686,(((sqrt(1.1684) + sin(i0)) / (abs(i0) + 0.5221)) / (square((-3.0111 * log(square((i1 - i2)) + 1.1393))) + 1.2329)),686,2.5702036509756e-05,0.0006750242901034653
687,cos(log((square(i2) + 2.5816)) / -1.0186),687,1.3238481187727302e-05,4.1180501284543425e-05
688,(-0.9791 * sqrt((abs(i1) + 2.8689))),688,3.679411020129919e-05,0.00024864962324500084
689,(((i0 * log(1.4004)) / (-abs(i1) + -0.3307)) / (square((i2 - i1)) + 0.6485)),689,0.0150968991219997,0.018071293830871582
690,log(square(((i0 - (i2 / (-abs(i2) + -0.3709))) * (exp((-square(i1) + 3.9378)) + sqrt(0.69)))) + 0.1406),690,0.0566863901913166,0.0040678223595023155
691,(sin(i2) + ((i0 + cos(i0)) + i1)),691,0.0297042168676853,0.001573574380017817
692,(i1 * (-0.8163 + log(3.6723))),692,7.291952783816669e-07,3.2745080602580856e-07
693,(i2 + log(1.1881)),693,7.772895514790434e-06,7.909636110525753e-07
694,(exp((-square(i1) + 3.3516)) + log(abs(((-0.691 + 1.2838) - i1)) + 1.7117)),694,0.0125453621149063,0.00012930954108014703
695,(i1 * square(-1.2718)),695,1.471031100663822e-05,6.113576205279969e-07
696,(-1.2844 - i0),696,2.1710611690650694e-06,2.1753514545252983e-07
697,(abs((i1 + cos(sqrt(2.0879) / (-abs(i2) + -1.205))) / (-square(i0) + -0.1246)) / (1.4869 / log(1.0248))),697,1.5160413568082731e-05,0.004495278000831604
698,cos(1.5709 - (i2 * cos(2.1644))),698,7.561831444036216e-05,0.00015134278510231525
699,((cos(i2) - sqrt((square(i1) + 0.7972))) - sin(i0)),699,0.0108411703258752,0.0028137117624282837
700,((abs(i2) + i1) + sqrt(abs((0.3547 + exp((-square(i0) + 3.0565)))) + 0.4293)),700,0.0075685922056436,0.0005722566274926066
701,(i0 / (square(square(i2 * (-1.0524 / (-abs(sqrt((abs(i1) + 0.0118))) + -0.0299)))) + 0.2948)),701,0.0947568789124488,0.004378264304250479
702,(square(i0 + log(1.3761)) * i1),702,1.3931283950805664,0.000550797616597265
703,((log(1.0459) - (i1 + 0.0048)) / (abs((sin(i2) - 2.2191)) + 1.476)),703,0.000748744350858,0.0011011459864675999
704,((i2 / (-square(square(i1 * square(i0))) + -0.4884)) + i1),704,0.2683916687965393,0.016346096992492676
705,(sin(i0) - i1),705,0.0183554030954837,0.0020401545334607363
706,(exp((-square(i1) + 3.7333)) + (0.1668 + i0)),706,0.0220092050731182,9.046239574672654e-05
707,((i1 - cos(-0.7492)) / (abs(((-0.0932 - i2) - (0.0616 + (sqrt((square(i2) + 1.7299)) / 1.4698)))) + 0.579)),707,0.0010738298296928,0.00019253286882303655
708,exp(-square((square(-0.5132) - ((sqrt((abs(i0) + 0.5331)) + sqrt((square(i0) + 1.759))) / (abs(abs(i2)) + 0.579)))) + 1.9598),708,0.0025380123406648,0.000512381549924612
709,(i2 * i0),709,0.0204868242144584,0.00030698583577759564
710,log(abs((i1 / (square((abs(i2 + cos(0.3694)) - sin(-0.3657))) + 0.5262))) + 0.9546),710,4.153307236265391e-05,0.00019123722449876368
711,abs(-3.9681 - (i2 - exp(-2.1592))),711,2.9191789508331567e-05,3.856138846458634e-06
712,(i1 / (-abs(i0) + -0.6573)),712,0.0015569082461297,0.0005537421093322337
713,((-0.3193 / (abs(log(abs((sin(i2) * -3.2602)) + 0.0929)) + 2.6083)) - abs(i0 * (0.2787 - i1))),713,0.0291113518178462,0.0008865294512361288
714,(log(0.3679) * (abs(i2) * (i1 / (-abs(i0) + -0.4033)))),714,0.1427309513092041,0.0025197414215654135
715,abs(i1 - (log(abs((i0 / (-abs(sin(i2)) + -3.8705))) + 2.1152) * i1)),715,0.0021505618933588,0.01927502453327179
716,(2.2314 + ((i2 - i0) + i0)),716,2.297697756148409e-05,2.405762643320486e-06
717,(i0 + i2),717,5.27529300597962e-06,3.1900535191198287e-07
718,(((i2 + square(i0)) / 2.7161) + log(abs((i1 - -4.0195)) + 1.3824)),718,0.0087908478453755,0.00039916406967677176
719,(square(-0.5778 / (square(exp((-square(i0) + 3.4392))) + 0.0461)) - i2),719,1.231822490692139,0.00022166808776091784
720,((sin(i0) + i2) / (-abs(i1) + -0.2376)),720,0.230581134557724,0.02283465676009655
721,(sqrt((square(i1) + 0.7934)) / -0.0838),721,0.003292744513601,9.408253390574828e-06
722,((i1 * 2.7375) + i2),722,4.487419937504456e-05,5.329335408532643e-07
723,(i1 / (-square(((i2 - sin(i0)) + -1.0248)) + -1.8771)),723,0.0101472055539488,0.01822267845273018
724,(((i0 - i1) / (-square(i2) + -4.4451)) - sin(i0)),724,0.0013009547255933,0.0014619301073253155
725,((i2 - i1) / (abs(i0) + 0.3403)),725,0.017585901543498,0.0008563339943066239
726,((0.2041 - abs(i1 / -1.2389)) - square(cos(i0) - abs(i2))),726,1.4623583555221558,0.006999738048762083
727,(cos((log((abs(i1) + 0.0752)) / (square(sin(i0 - cos(i2))) + 0.4074)) - i1) - i0),727,0.1606503129005432,0.0163163710385561
728,(i0 * (i1 - exp((-square(i2) + 2.6012)))),728,2.050827980041504,0.007250790949910879
729,(-0.6751 / (-square(exp((-abs(i2) + 3.1313))) + -1.808)),729,1.6172972436834243e-06,7.802786421962082e-05
730,(square(1.0915) + sqrt(abs((i2 + i1)) + 0.2536)),730,0.000440855656052,0.0008785148384049535
731,((i0 * i1) * -3.6202),731,0.4682741165161133,0.0004130754095967859
732,abs(square(i1 - i0) * 1.0211),732,0.0365704484283924,5.70840020372998e-05
733,((1.5675 + (i2 + i1)) * sin(i0)),733,0.064686618745327,0.005972983781248331
734,((cos(i2) + i1) - log((abs(i0) + 1.0515))),734,0.0024212875869125,0.0002221616596216336
735,log(square(((0.7689 / 1.2554) + sqrt(abs(((log((abs(i0) + 1.3506)) - -0.6785) / (square(i1) + 0.9027))) + 2.5621))) + 0.6164),735,7.349729276029393e-05,0.004689311608672142
736,((i0 + i2) + (i0 * i1)),736,0.0586709938943386,0.0005359919741749763
737,(0.1056 + (-2.893 / (-abs(log(square((i0 * i0)) + 0.7077)) + -0.1303))),737,0.0178939811885356,0.0012173495488241315
738,(abs(log(0.0784) + i1) - i0),738,0.0001159376843133,8.856875865603797e-06
739,(sin((-1.1476 + log((abs(i2) + 0.3548))) + (1.4962 - i1)) - i0),739,0.0128699410706758,0.0012837772956117988
740,(i1 - cos(sin(i0) - sqrt(square((i0 * cos(square(i1) / (-square(i2) + -0.7811)))) + 0.8225))),740,0.1281718909740448,0.013813802972435951
741,((i0 * (i2 + (i0 + i2))) / (square(i1) + 1.1071)),741,0.163579374551773,0.001443229615688324
742,(square(i0 - (((0.6779 * cos(i1)) - i1) - abs(1.1548))) * (exp((-square(i0) + 0.8155)) - (i2 * 1.0501))),742,75.41676330566406,0.011668911203742027
743,sqrt(abs((i2 / (-abs(i0) + -1.2645))) + 0.3034),743,6.234859756659716e-05,0.0005752051365561783
744,(i0 / (square(abs(i0 * (i1 + i2))) + 0.4699)),744,0.0067936740815639,0.008555789478123188
745,(-1.2141 / (-abs((i2 + 0.388)) + -0.3321)),745,1.906720171973575e-05,4.1887586121447384e-05
746,log(square((i1 * i0)) + 0.18),746,0.0246405377984046,0.004368151072412729
747,((i2 + abs(i2)) + (-3.9799 * exp((-square(i0) + 3.872)))),747,0.1477208435535431,3.637914778664708e-05
748,square(log((abs(i0) + 5.3192)) / -0.1782),748,0.2070886790752411,0.00025302183348685503
749,(exp((-square(i2) + 2.9767)) * (log((square(i0) + 1.4002)) - sin(i1))),749,1.4435566663742063,0.010713588446378708
750,((i1 - (log((square(i1) + 0.4526)) / (abs(cos(i2 - (4.4594 - abs(1.1027)))) + 0.7415))) + 0.1481),750,0.1478507071733474,0.013267843052744865
751,(i2 - i0),751,1.4813623238296714e-05,9.177934430226742e-07
752,(exp(-square((sqrt(abs((cos(0.9888) * i2)) + 0.5475) + sqrt((abs(i2) + 0.2141)))) + 0.8332) / (-abs((1.2511 + (i1 * i0))) + -2.9457)),752,1.7154079614556397e-06,0.008539064787328243
753,((-1.5341 / (abs(i1) + 0.5912)) + -1.2108),753,4.762061143992469e-05,0.00016508654516655952
754,(abs(i1) + (i2 / -0.1588)),754,2.0624391254386865e-05,5.52777272844196e-08
755,abs(((log((square(i1) + 0.0171)) / (-square(i0) + -1.4673)) * (exp((-abs(i2) + 2.6705)) - i0)) / (square(i1) + 0.2164)),755,0.1633808761835098,0.002851302968338132
756,(i1 * sqrt((square(i2) + 0.2159))),756,0.0216476488858461,0.00022635210189037025
757,log(abs((i2 + i0)) + 5.2722),757,1.508282821305329e-05,0.0001849372056312859
758,(i1 - square(i2 - i0)),758,0.071357786655426,7.705522875767201e-05
759,(((abs(3.8787) * sqrt((abs(i0) + 0.2789))) + i2) - (i1 / (abs((-1.367 + i1)) + 1.6048))),759,0.003595147980377,0.00024606427177786827
760,(i0 + cos(i2)),760,0.0014921127585694,0.00017106167797464877
761,square(i0 * log(abs((i1 + -1.3725)) + 0.4597)),761,1.23756742477417,0.0025667157024145126
762,(cos(-1.0626) + i0),762,2.7917399165744428e-06,2.845387712113734e-07
763,(sqrt(square((i0 / -1.3057)) + 0.2897) / (square((i2 + -0.4943)) + 4.1391)),763,2.264888826175593e-05,0.000363407249096781
764,log(square((i1 / -1.0854)) + 1.8792),764,0.0003281541285105,0.0003660539514385164
765,(cos(i0 * abs(i1)) + ((i1 + square(0.1777)) * sqrt(1.2803))),765,0.1228732764720916,0.010816038586199284
766,(i2 - exp((-square(i0) + 3.9016))),766,0.0069095287472009,2.426578248559963e-05
767,exp(-square((sqrt(3.4196) + (0.8003 / (square(i1) + 1.1068)))) + 3.8993),767,1.684585731709376e-05,7.411613478325307e-05
768,sqrt(abs((i0 * i2)) + 0.2301),768,0.0008773045847192,0.0005813344614580274
769,((2.0323 * square(i1)) / -0.1781),769,0.3713423609733581,1.8673819795367308e-05
770,((exp((-abs(i1) + 3.5003)) + -0.4433) + (i1 + (cos(i0) * log(square((abs(i2) / -2.6451)) + 0.7872)))),770,0.1460173726081848,0.0018877229886129498
771,(abs(i1 / (-abs(i2) + -1.686)) * (i1 * i0)),771,2.362156867980957,0.022606950253248215
772,((abs(i0) * i2) - (exp((-abs(i1) + 3.0258)) * -1.2979)),772,0.1944405734539032,0.0014480480458587408
773,abs(log((abs(i1) + 0.9365)) * i2),773,0.0027022683061659,0.00045113996020518243
774,(square(i2) - i0),774,0.0148516669869422,6.362732528941706e-05
775,(cos(i2) / 0.0324),775,3.822222232818604,0.007891547866165638
776,(i2 * i1),776,0.1630190163850784,0.0023238544818013906
777,(i2 + (i1 - i0)),777,2.441554715915117e-05,9.309526944889512e-07
778,cos(sin(i0 / (-square(i2) + -1.7043)) - -2.3297),778,0.0003713647311087,0.004082996863871813
779,((1.2856 * exp((-abs(i1) + 2.4506))) - (log((abs(i0) + 1.1688)) + 0.5812)),779,0.0015515229897573,0.00010416147415526211
780,sin((abs(i0) / (square(i2) + 2.573)) * sin(-1.3019)),780,0.0001018343609757,0.0011604331666603684
781,(i0 + (cos(i1) / -2.3648)),781,0.0006117047742009,6.979436875553802e-05
782,(square(i1 - i2) * (0.0385 + i0)),782,11.843097686767578,0.0017203198513016105
783,(((i2 * cos(-3.787)) / (square(sqrt((abs(i1) + 0.4916))) + 0.901)) / (-square(abs(i0 - -1.5225)) + -2.0217)),783,0.0002485226432327,0.004835961852222681
784,(i1 - i2),784,9.924682672135532e-06,5.587533564721525e-07
785,(i0 / (-abs(exp(-abs((i1 * i2)) + 3.0422)) + -2.5753)),785,0.0042573604732751,0.006559660192579031
786,(log((square(i1) + 4.0281)) * log((square(i2) + 1.6455))),786,0.0026849582791328,0.00043678598012775183
787,(i2 - sqrt((square(i0) + 0.2158))),787,0.0002788097772281,2.2080248527345248e-05
788,(-1.2401 + sin(i1)),788,0.0002612668613437,0.0005481377011165023
789,(i1 + 1.0936),789,6.154549737402704e-06,6.327099981717765e-07
790,(i1 - square(i0 * -0.7871)),790,0.0096526676788926,0.00013130894512869418
791,log(abs((square(abs(0.4124) * sqrt(0.2364)) / (abs(i1) + 0.1891))) + 0.0185),791,0.000113532099931,0.0005043998826295137
792,((sin(i1) - -2.1956) / -2.032),792,0.0001072368540917,0.0009542490588501096
793,(exp(-square((square(i1) - sin((-0.7077 + sqrt(0.0945)) - log(0.7838)))) + 3.6449) - (i2 + 0.8016)),793,0.011221001856029,6.284604023676366e-05
794,square(-2.2812 / (square((cos(i2) + 1.4087)) + 1.1399)),794,0.0136398328468203,0.015084082260727882
795,abs((cos(i1) - sqrt(abs((0.5459 / (-abs(i0) + -1.6594))) + 0.4976)) - abs((i1 - i2) - i0)),795,0.0050477809272706,0.0005255702417343855
796,(i0 - cos((i1 - cos(-1.3471)) * i2)),796,0.2110955715179443,0.01963658072054386
797,(log((square(i2) + 0.4324)) + square(i1)),797,0.0402552746236324,0.0002610984374769032
798,(log(abs((-2.4925 + i0)) + 0.0836) + i2),798,0.0012307693250477,0.00014269270468503237
799,((i2 + i1) * i0),799,0.0386261008679866,0.00026539358077570796
800,((i1 / (-abs((sqrt(square((i0 + square(i2))) + 0.0597) * i2)) + -1.2352)) + cos((0.0484 + i1) / (abs(square(i0)) + 1.4914))),800,0.0218059793114662,0.02001781389117241
801,((i2 * log((square(i1) + 0.9691))) - (abs(i2) + 1.5017)),801,0.0107799097895622,0.00026662886375561357
802,abs(i0 / (-square(i2) + -0.0199)),802,0.2281398773193359,0.0006683735991828144
803,(i1 + (2.528 * i2)),803,1.117050396715058e-05,1.8375715171714546e-07
804,((i0 * (i1 + i2)) / (-abs(i0) + -1.5604)),804,0.0009054187685251,0.00015801451809238642
805,(-2.7549 - (i1 + (abs(i2) * i0))),805,0.074353814125061,0.0006361909909173846
806,((i0 * (i2 * i2)) + i1),806,2.4368443489074707,0.0011836884077638388
807,(i2 - square(-0.4826 - sin(i1))),807,0.0045551010407507,0.0005353884189389646
808,(cos(i0) - 3.1053),808,0.0075010126456618,0.015387036837637424
809,(square(i1) - i0),809,0.0068591618910431,4.548896322376095e-05
810,(abs(-0.5913) - i1),810,1.072120176104363e-05,1.3118905144438031e-06
811,(log(square((cos(i1) + 1.7689)) + 0.4017) - (log((abs(i0) + 2.723)) / (abs(i2) + 0.5927))),811,0.0024649112019687,0.0026445051189512014
812,(abs(log(square(((i2 + -2.7444) + -1.9377)) + 0.3337) / (square((exp(-0.2255) / (square((i0 * square(i0))) + 0.1773))) + 0.1004)) + (exp((-square(i1) + 2.903)) - 0.1036)),812,1.6592631340026855,0.005671503953635693
813,sqrt(square(((i2 - 1.3617) - -2.3741)) + 0.2527),813,9.543882697471416e-06,3.216709728803835e-06
814,(4.1953 + sin(i0 - (i2 + i1))),814,0.0053827799856662,0.010496823117136955
815,(cos(i0) + exp(-square(((i2 + -2.9697) / (-abs(i1) + -1.098))) + 3.7745)),815,0.5978360772132874,0.002349646994844079
816,(exp(-0.458) * (i2 - sqrt((abs(i0) + 0.3063)))),816,0.0001079503199434,2.7863688956131227e-05
817,(square(i1) + i2),817,0.0137759139761328,7.748619827907532e-05
818,((i2 - -1.8894) - abs(i1)),818,3.1790852517588064e-05,2.4436262719973456e-06
819,(i2 / (abs(((i0 - i1) + -3.2746)) + 1.024)),819,0.0005379829090088,0.000529770040884614
820,sqrt(square((cos(i1) / -1.4698)) + 0.4241),820,9.781972039490938e-05,0.009200004860758781
821,((exp((-square(i1) + -0.1924)) - i2) / (abs(i0) + 1.7505)),821,0.0008048457093536,0.000842769630253315
822,((log((square(i2) + 0.4397)) - log(square((sqrt(0.9148) / (-abs(i0) + -2.5824))) + 1.7161)) / (4.5761 + 3.52)),822,1.6569915715081152e-06,5.929274266236462e-05
823,(i0 + (i1 + (-0.0361 - i1))),823,7.927177847477651e-08,8.89488305233499e-09
824,(i2 - i0),824,3.988520620623604e-05,2.4007351839827606e-06
825,(exp(-abs((i1 - (3.7838 - (abs(1.5901) * log(abs((i1 + -1.7959)) + 0.1562))))) + 2.8549) / (-square((abs(i0) / (abs(square(i2 / 1.6873)) + 0.5814))) + -0.44)),825,0.1670208871364593,0.009979414753615856
826,square(i0 - (sin(6.045 * 0.4057) - i2)),826,0.0264140386134386,4.581623215926811e-05
827,(cos(i0) - (i2 + i2)),827,0.0027526929043233,7.757499406579882e-05
828,(i1 / (square((i2 + i1)) + 0.9591)),828,0.0002783078234642,0.00043901667231693864
829,(exp((-abs(i1) + 3.9293)) + i2),829,0.0039059538394212,2.3312808480113745e-05
830,(sqrt(1.3281) + (i0 / sin(2.8165))),830,5.510096525540576e-05,5.927605570832384e-07
831,((i0 - i2) + 4.0893),831,1.4309318430605344e-05,8.084065825642028e-07
832,(cos(i0) * (i1 - 2.3395)),832,0.1204168274998664,0.0134530458599329
833,(-0.5189 * (i0 * -0.0468)),833,3.6589651308815965e-09,5.967479523860675e-07
834,cos(i1 - i0),834,0.0006368720787577,0.0012422483414411545
835,(i2 / (square(i1) + 0.5099)),835,0.0041745519265532,0.0007335384143516421
836,(i0 * i2),836,0.0278292372822761,0.00043330457992851734
837,(-1.4926 * i0),837,7.374649612756912e-06,3.7719044598816254e-07
838,(i1 - i0),838,5.745218004449271e-06,2.8908101512570283e-07
839,(sin(i2) / (-abs(i1) + -1.8263)),839,0.0011936578666791,0.024531710892915726
840,((i1 * i0) + i0),840,0.0376382619142532,0.00046924565685912967
841,(sin(-5.3765) - (i1 * abs(i2))),841,0.0358989760279655,0.0004385521460790187
842,log(square((i1 * i0)) + 0.4343),842,0.004421466961503,0.0008531993953511119
843,(log((abs(i0) + 0.5687)) + i2),843,0.0003626602119766,3.858516356558539e-05
844,(exp((-abs(i0) + 3.6435)) + (i2 + i1)),844,0.0071552158333361,5.7844477851176634e-05
845,(((exp((-square(i1) + 3.5336)) * i0) * (-1.8557 - i0)) + i2),845,259.9251708984375,0.004480061586946249
846,((i0 + i2) * abs(i1)),846,0.0743774473667144,0.00038643169682472944
847,((i0 + log((abs(i0) + 0.8819))) * abs((0.6795 + i1) - i2)),847,0.0539478659629821,0.0003663571260403842
848,((-1.0468 * cos(i2)) * (sin(i1) - (cos(-4.8202) + abs(i0)))),848,0.1122628450393676,0.021752743050456047
849,((2.8603 / (-square((i2 / (abs(abs(cos(i1) / 0.4159)) + 0.8927))) + -0.2643)) + i0),849,0.342060387134552,0.016224952414631844
850,((i0 * cos(0.9628)) + cos(-0.7266 / (abs(square(i2)) + 0.6111))),850,6.408646004274487e-05,2.3122160200728104e-05
851,(0.5815 * (i0 + 3.9199)),851,3.444787125772564e-06,1.2671249578488641e-06
852,((0.4745 - i0) + log((abs(i1) + 3.5266))),852,0.0001669956545811,2.0474106349865906e-05
853,(i2 * i0),853,0.0265113916248083,0.00036926227039657533
854,sqrt(square((log(square((square(i0) * -1.3819)) + 0.281) + square((sqrt((square(i1) + 0.1565)) / (-abs(sin(i0)) + -2.0827)) - i2))) + 0.7448),854,0.8865188956260681,0.0038940999656915665
855,((i0 - i2) / (abs(sin(abs(i0) / (-abs(i1) + -1.0978))) + 2.9941)),855,0.0024007367901504,0.001605330966413021
856,((-0.6458 / (-abs(sqrt((square(i2) + 0.2534))) + -0.9441)) * i1),856,0.0001207303139381,0.00018374908540863544
857,(sin(i0) * exp(-abs((1.3356 * i2)) + -0.0656)),857,0.0002261582994833,0.0050628394819796085
858,exp(-square((i1 / (abs((log((square(i2) + 0.1239)) + i0)) + 0.5832))) + 2.9694),858,0.4826752245426178,0.008596209809184074
859,sqrt(abs((abs(((i0 / (square(i1) + 0.6079)) + i0) / -2.0048) + i2)) + 1.7297),859,0.0009212925797328,0.003469787770882249
860,square(log((abs(i2) + 1.056)) - (1.541 / -1.2128)),860,0.0007246432360261,0.00012027323828078806
861,(2.2792 * i0),861,5.386530392570421e-05,9.978633670471027e-07
862,exp(-square(((sin(i2) - log(0.4595)) - ((i1 + i0) / (square(i2) + 0.5241)))) + 3.2893),862,1.1879849433898926,0.011615893803536892
863,sqrt(square((exp(1.5032) + (2.2576 * i2))) + 0.2596),863,0.0001620642724446,6.727774689352373e-06
864,exp(-abs((exp(-abs((abs(i0) * i2)) + 2.8897) - 0.5908)) + 0.2811),864,0.0024412842467427,0.015387985855340958
865,((abs(i0) * i2) - abs(exp((-square(i1) + 3.5164)) / 1.0667)),865,0.5894168615341187,0.002918476006016135
866,((i0 * -1.6932) * i2),866,0.2553052902221679,0.0011704370845109224
867,(sin(i0) + (cos(i2 - i1) - i1)),867,0.0271825455129146,0.0028741394635289907
868,(0.1714 * i0),868,6.352502168738283e-08,2.3845777263886703e-07
869,(exp(-abs((cos(i0) / (abs(i1) + 0.4262))) + 0.2078) + square(log(square((exp(-2.4312) + i2)) + 1.434) + i2)),869,0.0510972142219543,0.00010447041131556034
870,(((i2 * log((square(i0) + 1.3893))) * (i1 - i0)) - i1),870,3.6863605976104736,0.0021590604446828365
871,(1.8364 - (cos(i0) / (abs(exp((-abs(i1) + 3.3942))) + 0.1941))),871,0.0095350360497832,0.009267103858292103
872,(abs(i0) * sqrt(abs((i2 / 1.1326)) + 2.6903)),872,0.005106383934617,0.0003286967403255403
873,(i1 + (i1 / (-square(((i2 / (-abs(i2) + -0.0766)) - i0)) + -1.5301))),873,0.0040219323709607,0.0007829783135093749
874,(i1 - sin(-1.8412 + sin(-0.8169 + i2))),874,0.0011608952190726,0.00011990754137514159
875,(i0 + sqrt(square((i0 / (-abs(((i2 * i1) + square(-2.1889))) + -1.2628))) + 0.0457)),875,0.0772697851061821,0.009594815783202648
876,(abs(sqrt((abs(i0) + 1.0448)) * i2) + -1.2528),876,0.005622228141874,0.00041561105172149837
877,((sin(i2) / (-abs(i1) + -0.9808)) / -0.0616),877,0.1434476822614669,0.0052545201033353806
878,((0.8011 / (abs(i1) + 0.1093)) / (-abs(i0) + -2.1828)),878,7.581801037304103e-05,0.0008987156907096505
879,log(abs((sqrt(abs((i0 - -2.4358)) + 0.2773) + (exp(-3.0981) - i2))) + 0.9137),879,0.0001811623224057,0.0005150489159859717
880,(square(-0.5957) - i1),880,5.724147740693297e-06,6.164339652059425e-07
881,(i1 * ((i2 + i1) + i0)),881,0.0401789918541908,0.00017627188935875893
882,(i2 - (exp(-3.1027) / -0.0739)),882,7.9567844295525e-06,9.78178832156118e-07
883,(cos(i1) + cos(i2 - i0)),883,0.0117324730381369,0.011454441584646702
884,abs((cos(-3.2059) / (square(i0) + 0.5417)) * (log(abs((cos(i2 + exp((-square(i0) + 3.1453))) + i1)) + 1.2087) - i1)),884,0.0253857374191284,0.005174425896257162
885,abs(i0 + i1),885,3.371734237589408e-06,5.690383773071517e-07
886,square(sin(1.3709) / (abs(exp(-abs(((i1 + -0.2712) - i0)) + 2.5252)) + 3.535)),886,1.1688716483604369e-07,0.00016867676458787173
887,((square(i1 - (i2 - i0)) + i0) - i1),887,0.0862946212291717,6.06519533903338e-05
888,(i1 + -1.9071),888,1.2263704775250517e-05,1.3540377494791755e-06
889,(i2 * abs(i0)),889,0.0789504945278167,0.0009834994561970234
890,((i0 - 1.3557) * i1),890,0.0559825040400028,0.0005122764850966632
891,(abs(i0 * i2) + (i1 + exp((-abs(i2) + 3.6442)))),891,0.3596343994140625,0.004496407229453325
892,(i1 + square(i0)),892,0.0191681608557701,0.00011248844384681433
893,cos((2.5693 + i0) * cos(-2.4821)),893,5.497144593391568e-05,0.00011039018136216328
894,square(square(i0) / (-abs(((square(-2.9697) / (abs(i1) + 0.0375)) + abs(1.9296))) + -2.1924)),894,12.134588241577148,0.012537012808024883
895,((0.8067 + i1) / (abs(sin(i0 + exp((-square(i2) + 3.3717)))) + 2.0026)),895,0.0194949749857187,0.014077774249017239
896,(i1 - exp((-abs(i2) + 3.5455))),896,0.0042519327253103,4.455818634596653e-05
897,(i2 * (1.4457 + i0)),897,0.0132053894922137,0.00016664111171849072
898,(-0.444 * (i0 * square(i1))),898,0.332240492105484,0.001013786531984806
899,((square(1.5189) + (i2 + i0)) * (i1 / (abs(i2) + 0.3564))),899,0.4608802795410156,0.005369875580072403
900,(cos(i2) + (i0 - abs(i1 + i0))),900,0.0025839363224804,0.0001580088573973626
901,(-2.1937 * sin(i0)),901,0.0006611932767555,0.000252301077125594
902,((i0 + exp((-abs(i2) + 2.5794))) + square(i1)),902,0.0488141328096389,0.00024213510914705694
903,((0.2504 / -0.4619) + i2),903,8.664366760058329e-06,9.388340345140023e-07
904,square(i0 * cos(log(0.8397) / (square(log(abs((log((abs(i2) + 1.0868)) / (square(i1) + 1.2467))) + 0.123)) + 0.1498))),904,1.7705891132354736,0.0150829516351223
905,(sqrt((square(i1) + 0.4958)) / -2.7143),905,2.281292381667299e-06,6.6064940256183036e-06
906,sqrt(abs((i1 - ((i0 * i2) + -1.8728))) + 1.3587),906,0.0034871858078986,0.002980486024171114
907,abs(i1 * (i0 / (square((2.1798 * i2)) + 0.0346))),907,14.559036254882812,0.006141650024801493
908,abs(square(i2) - -1.1181),908,0.0044986214488744,3.2332914997823536e-05
909,((abs(i1) - 0.4652) + sqrt(abs((i0 + 0.4235)) + 0.9934)),909,0.000364476989489,0.00011305260704830289
910,((3.8478 - square(i1)) * (i2 / (abs(i0) + 1.6807))),910,0.6920583844184875,0.006838635541498661
911,(i1 * i0),911,0.0547489449381828,0.000542057678103447
912,abs(abs(i0 + (-1.4177 * abs(i1))) + square(i2)),912,0.0254898704588413,0.00016865006182342768
913,(sin(i2) / (square(log((abs(i0) + 1.4914))) + 0.1338)),913,0.0028884268831461,0.004650935996323824
914,((-1.3926 / (square(i2) + 0.0334)) - exp(-square((0.9659 * (i0 + -1.2757))) + 3.984)),914,0.1207655742764473,0.0003300831012893468
915,(i2 + -0.8027),915,7.336103408306371e-06,8.04409694410424e-07
916,log(abs((abs(-0.7126) + (1.0301 * square(1.4481 / (-abs(i0) + -0.4424))))) + 2.3638),916,2.3893240722827613e-05,0.00020614673849195242
917,sqrt(square((5.2451 - i1)) + 0.5937),917,6.764393765479326e-05,8.423331564699765e-06
918,log(abs((i1 * sqrt((square(i2) + 2.3895)))) + 1.1451),918,0.0006300115492194,0.001047331839799881
919,(exp((-square(i1) + 3.8566)) + (i0 - i2)),919,0.0055492925457656,1.989071097341366e-05
920,(i1 - (i2 - abs(i0))),920,2.963473707495723e-05,1.3371392242333968e-06
921,((cos(-0.0141) * -0.0923) - ((1.9201 / (-square((-0.2603 - square(i0))) + -2.2578)) * i2)),921,0.000664881139528,0.0005091328057460487
922,(cos(i0) + sin((i2 + exp(1.9791)) + i1)),922,0.0174332037568092,0.018724938854575157
923,(abs(exp(-abs((i0 * i2)) + 3.1558) / (1.6322 - cos(-1.0988))) / (-square(((-3.1178 + abs(-3.3077)) / (abs(log((abs(i1) + 1.0969))) + 0.9121))) + -0.8381)),923,0.1511617451906204,0.003666246309876442
924,(((i2 - abs(0.2273)) - exp((-square(i1) + 2.9279))) - i0),924,0.0016833605477586,3.2410585845354944e-05
925,(square(i2) + ((-0.592 / sin(0.9374)) - (exp(0.7694) / (-abs(i0) + -0.1811)))),925,0.0343328118324279,0.00019815179985016584
926,(sqrt(square((i2 - sqrt((square(i1) + 1.4525)))) + 0.539) + i2),926,0.0005813332390971,0.00010989067232003435
927,(i0 / 0.1554),927,6.299906817730516e-05,1.7219225867393106e-07
928,(exp((-square(i0) + 3.3853)) / (abs(i1) + 0.3085)),928,0.0314752347767353,0.00032038171775639057
929,square(log((abs(i0) + 0.4491)) / (-square((((i2 + cos(2.966)) - i0) / (-abs(i1) + -0.3122))) + -5.3415)),929,6.725936145812739e-06,0.017133744433522224
930,(-2.6254 / (-abs(log(abs((exp((-square(i1) + 3.63)) / (abs(i2) + 1.7351))) + 0.5307)) + -1.7861)),930,0.0001181297047878,0.0023735377471894026
931,(i2 / (-abs((i1 + i0)) + -0.0891)),931,0.0910604596138,0.005076490342617035
932,cos(2.6968 / (square((i2 + log((square(i0) + 3.8215)))) + 2.2881)),932,3.809785266639665e-05,0.0010784432524815202
933,((log(abs(((log((abs(i1) + 0.1743)) / (-square(i2) + -0.5426)) / (-abs(i0) + -0.1479))) + 0.0795) / sqrt(1.5931)) - (log(0.7311) - sqrt((abs(i2) + 0.4336)))),933,0.0010816813446581,0.003605273552238941
934,square((square(i0) / -0.9976) - ((cos(i2) + i1) / -0.6686)),934,1215.1220703125,0.0022889527026563883
935,(i1 + (-1.3067 / (abs(i0) + 0.9268))),935,0.0002335741301067,2.449395105941221e-05
936,(cos((0.2728 + (cos(i1) / (-abs(i2) + -2.2946))) * exp((-abs(i2) + 3.3675))) - ((-0.3153 * abs(i0)) - (i2 * i1))),936,0.2199840545654297,0.002379876561462879
937,(i2 / (-abs(exp(-square((i0 * i1)) + 1.876)) + -1.3363)),937,0.0087440069764852,0.0027085684705525637
938,(-4.4145 * (abs(i0) + abs(-1.2216))),938,0.0001190476323245,1.683437972133106e-06
939,((exp(0.48) - (sqrt((square(i2) + 0.3877)) / (abs(i0) + 1.0596))) / (-abs((i1 + i2)) + -0.0664)),939,0.0391374193131923,0.01034176629036665
940,log(square((i2 * (sqrt(1.988) / (-abs(i1) + -1.723)))) + 0.6678),940,0.0001254323433386,0.00020310119725763798
941,((i1 / (square(i0) + 0.1231)) - log((1.9934 - sin(-3.022)) * exp(2.8312))),941,0.0326449908316135,0.0009477566927671432
942,(i0 + (sqrt(0.0642) / (-square((sqrt((square(i0) + 1.6375)) / -0.3001)) + -0.1624))),942,5.951234015810769e-06,6.907751526341599e-07
943,(((1.0644 / (square((i1 / (abs(exp((-square(i0) + 3.3704))) + 0.1627))) + 0.4509)) - -0.1837) - abs(0.6279 - i2)),943,0.0025791132356971,0.0005342732765711844
944,exp(-square((sqrt(abs((1.7121 + i1)) + 0.3029) * i2)) + -0.0409),944,3.427632327657193e-05,0.0004950760048814118
945,(log(square((i1 / (-abs(i0) + -7.9218))) + 3.2172) + (i0 * (i1 / (-abs(square(i2)) + -0.0408)))),945,48.806297302246094,0.0191737562417984
946,(i1 / (square((cos(i2) + -2.0068)) + 1.4349)),946,0.0051513942889869,0.014066808857023716
947,(i1 * i0),947,0.1488940417766571,0.0014597192639485002
948,(i0 * (i2 + i1)),948,0.1072248294949531,0.0006376743549481034
949,((i1 * -0.28) - i2),949,2.1008820112911053e-05,2.120792032656027e-06
950,sqrt(abs((3.5527 / (-abs(((i1 * i1) * (sqrt((abs(i2) + 0.385)) / (square(i0) + 0.1855)))) + -1.4548))) + 0.163),950,0.0003122486523352,0.001973915146663785
951,(cos(i1) - i2),951,0.0016262549906969,0.0001771938696037978
952,(sqrt(square((i2 - i0)) + 0.1118) - square(i1)),952,0.0762484297156333,0.0003912931715603918
953,sin(abs(-0.7481) - i1),953,0.0003279019729234,0.0006363794091157615
954,(-1.9005 - i0),954,3.901130639860639e-06,4.4905894469593477e-07
955,log(square(((i1 * -2.3674) * i0)) + 1.7237),955,0.017791548743844,0.0036445569712668657
956,((i0 * -1.0901) + exp(-square((i1 * -0.8682)) + 2.9279)),956,0.0035419454798102,7.63398566050455e-05
957,log(square((i2 * square(i0))) + 0.3796),957,0.0364506244659423,0.0033724650274962187
958,((i2 / (square(i0) + 0.9945)) * exp((-square(i1) + 3.528))),958,1.1931803226470947,0.003147497773170471
959,(((i2 / (-abs(i0) + -0.6136)) - (i1 - log(1.2886))) - i2),959,0.0079076178371906,0.00029280385933816433
960,((i2 - abs(i1)) + (cos(i2) + -0.4385)),960,0.0257425047457218,0.0017283885972574353
961,(i0 + -5.4316),961,7.216361609607702e-06,7.168824254222272e-07
962,abs(i0 + (((-0.5246 - i2) / (abs(exp((-abs(i1) + 2.2127))) + 0.8223)) - sin(i1 + i2))),962,0.0879673808813095,0.014689966104924679
963,(i0 + (square(i0) * (log((abs(i1) + 0.7214)) + sqrt((square(i2) + 0.107))))),963,18.264284133911133,0.01080575492233038
964,(abs((i1 + i2) / (-abs(i0) + -0.1215)) - cos(-4.1264)),964,0.0801367983222007,0.003152307588607073
965,log(abs((i0 / -0.8107)) + 1.3758),965,7.137857028283179e-05,0.00025740970158949494
966,((cos(1.4786 / (square(exp(-abs((abs(i2) + 0.5273)) + 3.0665)) + 1.5871)) * sin(i0 - 0.5486)) + i1),966,0.0556150078773498,0.006062904838472605
967,((i1 - sqrt((square(i0) + 0.3456))) - abs(i2)),967,0.0002474212669767,1.6063140719779767e-05
968,(exp((-abs(i1) + 3.6728)) - -0.0315),968,0.0021840739063918,1.8323080439586192e-05
969,((i2 + i0) - i1),969,1.3465774827636778e-05,4.5341977283896995e-07
970,(4.0925 * exp(-square((i1 / (-square(i0) + -0.6197))) + 3.6773)),970,3.4443016052246094,0.0008304204675368965
971,(exp(-square((abs(i1) * i2)) + 0.4109) - (sqrt(1.2733) / -0.3045)),971,0.001619481947273,0.005870130378752947
972,(i0 - log(square((0.7832 + i1)) + 2.1285)),972,0.0002146457263734,2.1766594727523625e-05
973,((cos(sqrt(0.2262) - i2) * exp(-abs((i0 + i1)) + 3.6642)) - -1.1154),973,0.3910897374153137,0.0059544299729168415
974,((exp((-square(i0) + 3.917)) * sin(i1)) + (1.1183 / (-abs(i2) + -1.5941))),974,0.8828115463256836,0.004791826009750366
975,exp(-abs((i2 * (i1 + (sin(i0 - 0.2765) - 4.6721)))) + 3.4941),975,0.7796565890312195,0.016852501779794693
976,sin((sqrt(2.2488) / (-square(square(i2)) + -1.5232)) - i0),976,0.0026167018804699,0.00560990534722805
977,(i1 + i0),977,8.022756446735002e-06,4.22798507315747e-07
978,exp(-square((i0 + -1.0964)) + 2.7639),978,0.0028028872329741,9.993380808737129e-05
979,((i1 * exp(-1.1696 / -2.8407)) / (-abs(i2) + -1.8796)),979,0.0003814681840594,0.00020048560691066086
980,square((abs(i1) * i0) / sin(2.371)),980,1045.5985107421875,0.005554869771003723
981,((i1 * -1.0034) / (-square(exp(-square((log(2.502) + exp(-abs((exp((-abs(i0) + 3.9094)) + i1)) + 3.657))) + 2.1902)) + -0.1178)),981,0.7978984117507935,0.005286858882755041
982,abs(i1 - (square(i0) - (-2.0602 - i2))),982,0.0265996716916561,0.0001820676407078281
983,square(1.0816 - cos(i0)),983,0.0028269016183912,0.0011985785095021129
984,(i0 / -0.9827),984,9.007297194330022e-06,9.830895351115032e-07
985,square((1.3649 - cos(3.0419)) * i0),985,0.0386858731508255,7.583815659018001e-06
986,((abs(i1) / 0.7426) - sqrt(square((abs(i0) - -2.0453)) + 0.1089)),986,2.550035060266964e-05,2.5023400667123497e-06
987,(i0 * ((-0.3911 + i2) * -3.2685)),987,0.7729887366294861,0.0007965185795910656
988,square(log((square(i2) + 1.3082)) * i1),988,13.88039207458496,0.001782189472578466
989,((i2 - (sqrt((abs(i1) + 0.313)) * 1.8459)) * -1.228),989,0.0007282487349584,5.109357516630553e-05
990,(square(i1 + i2) * 3.9624),990,0.0736216753721237,8.657271791889798e-06
991,exp(-abs((square(-4.7569 - sin(i0)) * i1)) + 3.297),991,0.0116182835772633,0.004779967945069075
992,(log(0.4778) - ((log((square(i0) + 0.594)) + -0.3084) - i2)),992,0.0008486963924951,7.896468014223501e-05
993,abs(i0 - -0.0651),993,2.866828708647517e-06,1.0342505447624717e-06
994,abs(((-0.3635 - cos(2.9711)) + 2.7148) / (-square(i1) + -3.6923)),994,3.659438789327396e-06,4.475374589674175e-05
995,abs((i0 * 1.4075) / (square((((i2 / (square(i1) + 0.1849)) * 0.8851) / 0.4418)) + 0.5142)),995,0.0641070753335952,0.004116378258913755
996,(i0 - i1),996,2.6662202799343504e-05,1.6716485333745368e-06
997,((sin(i0) * 0.547) * sqrt(abs((2.3173 + sin(-3.8834 - i1))) + 0.2788)),997,0.0020719552412629,0.005550976376980543
998,cos(sin(i0) - i2),998,0.0050045982934534,0.010543670505285263
999,(square(i0) - square(i2)),999,0.0977816209197044,0.0002929379988927394
1000,((((i0 + i0) - sqrt(abs((i2 - i2)) + 0.3854)) / cos(-0.0277)) / (abs((i2 / (square(i1) + 0.2189))) + 1.2576)),1000,0.0189758595079183,0.0018694623140618205
